req_id,module,document,section,page,upstream_ids,status,confidence,evidence,rationale
SWS_CANIF_00378,CanIf,can_interface,5.7.1 Code file structure,24,,partial,0.80,communication/CanIf/inc/CanIf_ConfigTypes.h:347-381 communication/CanIf/inc/CanIf_ConfigTypes.h:303-345,"While there are structures that reference configurations and callout functions for CAN drivers, the specific requirement for a set of function pointers for each CanDrv is not fully satisfied."
SWS_CANIF_00672,CanIf,can_interface,5.7.2 Header file structure,24,,implemented,0.90,communication/CanIf/inc/CanIf.h:27-71,"The code in CanIf.h contains extern declarations of constants, fulfilling the requirement for the header file structure."
SWS_CANIF_00903,CanIf,can_interface,5.7.2 Header file structure,24,SRS_Can_01172,missing,1.00,,None of the candidates include the header file Mirror.h when Bus Mirroring is enabled.
SWS_CANIF_00023,CanIf,can_interface,7.2 Hardware object handles,30,SRS_Can_01001,partial,0.80,communication/CanIf/src/CanIf.c:82-84,"The code includes an annotation that claims to implement the requirement, but without seeing the actual implementation, it is unclear if it fully adheres to the requirement."
SWS_CANIF_00291,CanIf,can_interface,7.2 Hardware object handles,30,,implemented,0.90,communication/CanIf/inc/CanIf_ConfigTypes.h:134-159,"The structure CanIf_HrhConfigType clearly defines a handle referencing a logical Hardware Receive Object, which aligns with the requirement."
SWS_CANIF_00662,CanIf,can_interface,7.2 Hardware object handles,30,,implemented,0.90,communication/CanIf/inc/CanIf_ConfigTypes.h:182-197 communication/CanIf/inc/CanIf_ConfigTypes.h:161-180 communication/CanIf/inc/CanIf_ConfigTypes.h:134-159,The code defines both types of Hardware Object Handles (HTH and HRH) as required.
SWS_CANIF_00663,CanIf,can_interface,7.2 Hardware object handles,30,,partial,0.80,communication/CanIf/src/CanIf.c:1131-1132 communication/CanIf/inc/CanIf_ConfigTypes.h:134-159,"While there are indications of software filtering being related to BasicCAN in the code, it is not clear if the actual implementation of enabling software filtering is present."
SWS_CANIF_00664,CanIf,can_interface,7.2 Hardware object handles,30,,missing,1.00,,None of the candidates implement the requirement that each HRH belongs to a single or fixed group of Rx L-SDU.
SWS_CANIF_00665,CanIf,can_interface,7.2 Hardware object handles,30,,unverifiable,0.00,,The candidates do not provide sufficient information to determine if the requirement is implemented.
SWS_CANIF_00115,CanIf,can_interface,7.2 Hardware object handles,32,,missing,0.90,,"None of the candidates implement the requirement for CanIf to use all HRHs and HTHs of one CanDrv as a common, single numbering area starting with zero."
SWS_CANIF_00292,CanIf,can_interface,7.2 Hardware object handles,32,,implemented,0.90,communication/CanIf/inc/CanIf_ConfigTypes.h:161-180,"The code defines a structure that includes a unique identifier for the Hardware Transmit Handle, fulfilling the requirement."
SWS_CANIF_00466,CanIf,can_interface,7.2 Hardware object handles,32,,unverifiable,0.90,,"The provided code does not clearly indicate whether each CanIf Tx L-PDU is statically assigned to a CanIfBufferCfg configuration container, as required."
SWS_CANIF_00666,CanIf,can_interface,7.2 Hardware object handles,32,,missing,1.00,,None of the candidates implement the requirement for enabling CanIf to use BasicCAN or FullCAN transmission methods and confirming a transmitted L-SDU.
SWS_CANIF_00667,CanIf,can_interface,7.2 Hardware object handles,32,,unverifiable,0.50,,The candidates do not provide sufficient information to determine if the requirement regarding HTHs and their association with Tx L-PDUs is implemented.
SWS_CANIF_00188,CanIf,can_interface,7.4.1 Dynamic Transmit L-PDUs,34,,missing,1.00,,None of the candidates implement the requirement to process the two most significant bits of the CanId for determining the type of CanId used.
SWS_CANIF_00673,CanIf,can_interface,7.4.1 Dynamic Transmit L-PDUs,34,,missing,1.00,,The candidates do not implement the requirement for guaranteeing data consistency of the CanId in the context of the specified functions.
SWS_CANIF_00844,CanIf,can_interface,7.4 Dynamic L-PDUs,34,,missing,1.00,,None of the candidates implement the requirement for supporting dynamic L-PDUs as specified.
SWS_CANIF_00854,CanIf,can_interface,7.4.1 Dynamic Transmit L-PDUs,34,,unverifiable,0.90,,The candidates do not provide sufficient information to determine if the requirement regarding Can_IdType and the associated masks is implemented.
SWS_CANIF_00855,CanIf,can_interface,7.4.1 Dynamic Transmit L-PDUs,34,,missing,1.00,,None of the candidates implement the requirement that specifies the behavior when CanIfTxPduCanIdMask and CanIfTxPduCanId are omitted.
SWS_CANIF_00856,CanIf,can_interface,7.4.1 Dynamic Transmit L-PDUs,34,,unverifiable,0.90,,The provided code does not contain any clear implementation or checks related to the requirement about ignoring CanIfTxPduCanIdMask when the configuration does not include CAN_ID_32.
SWS_CANIF_00857,CanIf,can_interface,7.4.1 Dynamic Transmit L-PDUs,34,,missing,1.00,,The code does not implement the initialization of CanIds for dynamic Transmit L-PDUs as specified in the requirement.
SWS_CANIF_00653,CanIf,can_interface,7.5 Physical channel view,35,,missing,1.00,,None of the candidates provide a ControllerId that abstracts from different Controllers or indicate configurability via CanIfCtrlId.
SWS_CANIF_00655,CanIf,can_interface,7.5 Physical channel view,35,,missing,1.00,,None of the candidates provide a TransceiverId or indicate a configurable CanIfTrcvId as required.
SWS_CANIF_00847,CanIf,can_interface,7.4.2 Dynamic receive L-PDUs,35,,partial,0.80,communication/CanIf/inc/CanIf_ConfigTypes.h:85-133 communication/CanIf/inc/CanIf_ConfigTypes.h:66-77 communication/CanIf/inc/CanIf_ConfigTypes.h:134-159,"The candidates provide some relevant structures for configuring CAN ID ranges and filtering, but do not fully confirm all aspects of the requirement."
SWS_CANIF_00848,CanIf,can_interface,7.4.2 Dynamic receive L-PDUs,35,,missing,1.00,,None of the candidates implement the requirement to place the CanId in the MetaDataItem of type CAN_ID_32 upon reception of a dynamic L-SDU.
SWS_CANIF_00211,CanIf,can_interface,7.7 BasicCAN and FullCAN reception,39,,missing,0.90,,None of the candidates implement the requirement for executing the software acceptance filter in the context of the CanIf_RxIndication callback.
SWS_CANIF_00281,CanIf,can_interface,7.7 BasicCAN and FullCAN reception,39,SRS_Can_01140,unverifiable,0.50,,The candidates do not provide sufficient information to determine if the requirement for handling StandardCAN and ExtendedCAN IDs in mixed mode is implemented.
SWS_CANIF_00467,CanIf,can_interface,7.7 BasicCAN and FullCAN reception,39,,unverifiable,0.90,,"The candidates provide type definitions and structures related to HTH and HRH configurations, but do not show any implementation of the configuration and storage of orders as required."
SWS_CANIF_00468,CanIf,can_interface,7.7 BasicCAN and FullCAN reception,39,,partial,0.80,communication/CanIf/inc/CanIf_ConfigTypes.h:134-159 communication/CanIf/inc/CanIf_ConfigTypes.h:161-180 communication/CanIf/inc/CanIf_ConfigTypes.h:182-197,"While the structures reference hardware handles, the specific requirement for referencing a hardware acceptance filter is not explicitly implemented in the provided code."
SWS_CANIF_00469,CanIf,can_interface,7.7 BasicCAN and FullCAN reception,39,,unverifiable,0.50,,The candidates do not provide sufficient information to determine if the software acceptance filter configuration for BasicCAN is implemented.
SWS_CANIF_00877,CanIf,can_interface,7.7 BasicCAN and FullCAN reception,39,SRS_Can_01140 SRS_Can_01141 SRS_Can_01162,unverifiable,0.90,,"The candidates do not provide enough information to determine if the requirement is implemented, as they mainly consist of declarations and type definitions without the actual implementation logic."
SWS_CANIF_00382,CanIf,can_interface,7.9 Transmit request,41,SRS_Can_01126,implemented,0.90,communication/CanIf/src/CanIf.c:732-859,The code in CanIf_Transmit implements the requirement by reporting the runtime error and returning the appropriate error code when the channel mode is offline.
SWS_CANIF_00904,CanIf,can_interface,7.10 Transmit data flow,42,SRS_Can_01172,unverifiable,0.90,,The candidates do not provide sufficient information to determine if the requirement regarding Bus Mirroring and frame storage is implemented.
SWS_CANIF_00063,CanIf,can_interface,7.11.2.1 Storage of L-PDUs in the transmit L-PDU buffer,44,SRS_Can_01020,partial,0.70,communication/CanIf/src/CanIf.c:732-859 communication/CanIf/src/CanIf.c:861-932,"While there are indications of buffering in the code, it is not definitively clear that the full requirement for buffering of CAN L-PDUs is implemented."
SWS_CANIF_00381,CanIf,can_interface,7.11.2.1 Storage of L-PDUs in the transmit L-PDU buffer,44,SRS_Can_01126,partial,0.80,communication/CanIf/src/CanIf.c:732-859 communication/CanIf/src/CanIf.c:861-932,"The candidates show some relevant behavior regarding transmission and confirmation, but do not fully implement the requirement to check for buffering when Can_Write returns CAN_BUSY."
SWS_CANIF_00849,CanIf,can_interface,7.11.2.1 Storage of L-PDUs in the transmit L-PDU buffer,44,,partial,0.80,communication/CanIf/inc/CanIf_ConfigTypes.h:228-281 communication/CanIf/src/CanIf.c:1208-1265,"While the candidates indicate that the CanId is part of the transmit L-PDU configuration and is used in transmission functions, it is unclear if the specific requirement of storing the CanId in the CanIfTxBuffer is fully met."
SWS_CANIF_00881,CanIf,can_interface,7.11.2.1 Storage of L-PDUs in the transmit L-PDU buffer,44,SRS_Can_01126,missing,1.00,,None of the candidates implement the requirement regarding the behavior of Can_Write() and buffering of transmit requests.
SWS_CANIF_00895,CanIf,can_interface,7.11.2.1 Storage of L-PDUs in the transmit L-PDU buffer,44,,missing,1.00,,None of the candidates implement the requirement to buffer data and report a runtime error when the rejected data length exceeds the configured size.
SWS_CANIF_00068,CanIf,can_interface,7.11.2.1 Storage of L-PDUs in the transmit L-PDU buffer,45,SRS_Can_01011,missing,1.00,,None of the candidates implement the requirement regarding the behavior of Can_Write() and the buffering of CanIf Tx L-PDUs.
SWS_CANIF_00835,CanIf,can_interface,7.11.2.1 Storage of L-PDUs in the transmit L-PDU buffer,45,,partial,0.80,communication/CanIf/src/CanIf.c:732-859 communication/CanIf/inc/CanIf_ConfigTypes.h:199-208,"The code partially implements the requirement by checking the buffer reference and indirectly validating the buffer size, but it does not explicitly enforce the buffer size being greater than zero."
SWS_CANIF_00836,CanIf,can_interface,7.11.2.1 Storage of L-PDUs in the transmit L-PDU buffer,45,,partial,0.80,communication/CanIf/src/CanIf.c:336-378,"The code shows an attempt to buffer a CanIf Tx L-PDU, but it does not confirm that the buffer size is greater than zero or that the L-PDU is not already buffered in all cases."
SWS_CANIF_00837,CanIf,can_interface,7.11.2.1 Storage of L-PDUs in the transmit L-PDU buffer,45,,partial,0.80,communication/CanIf/src/CanIf.c:732-859,"While CanIf_Transmit() is relevant and includes some error handling, it does not fully implement the requirement as it does not ensure that E_NOT_OK is returned when the buffer is full and a new L-PDU is attempted to be stored."
SWS_CANIF_00033,CanIf,can_interface,7.11.3 Data integrity of transmit L-PDU buffers,46,SRS_Can_01114,missing,1.00,,The candidates do not implement the requirement for protecting against concurrent access to Transmit L-PDU Buffers.
SWS_CANIF_00070,CanIf,can_interface,7.11.2.2 Clearance of transmit L-PDU buffers,46,,partial,0.80,communication/CanIf/src/CanIf.c:861-932 communication/CanIf/src/CanIf.c:732-859,"The code in CanIf_TxConfirmation (candidate 1) and CanIf_Transmit (candidate 5) suggests that L-PDUs are transmitted, but it does not clearly show that they are handled in strict priority order as required."
SWS_CANIF_00183,CanIf,can_interface,7.11.2.2 Clearance of transmit L-PDU buffers,46,,implemented,0.90,communication/CanIf/src/CanIf.c:861-932,The code in CanIf_TxConfirmation directly implements the requirement by removing the L-PDU from the buffer when Can_Write returns E_OK.
SWS_CANIF_00386,CanIf,can_interface,7.11.2.2 Clearance of transmit L-PDU buffers,46,,implemented,0.90,communication/CanIf/src/CanIf.c:861-932,The code in CanIf_TxConfirmation clearly implements the requirement by checking for pending L-PDUs in the transmit buffers.
SWS_CANIF_00387,CanIf,can_interface,7.11.2.3 Initialization of transmit L-PDU buffers,46,,implemented,1.00,communication/CanIf/src/CanIf.c:516-583,"The implementation of CanIf_Init() includes logic to initialize transmit buffers, which aligns with the requirement."
SWS_CANIF_00668,CanIf,can_interface,7.11.2.2 Clearance of transmit L-PDU buffers,46,,partial,0.80,communication/CanIf/src/CanIf.c:861-932,"The code partially implements the requirement by calling Can_Write() for pending PDUs, but it does not ensure that the PDU with the highest priority is selected."
SWS_CANIF_00383,CanIf,can_interface,7.12 Transmit confirmation,47,,implemented,0.90,communication/CanIf/src/CanIf.c:861-932,The code in CanIf_TxConfirmation implements the required behavior of notifying the upper layer about the transmission.
SWS_CANIF_00740,CanIf,can_interface,7.12 Transmit confirmation,47,,missing,1.00,,None of the candidates implement the requirement regarding buffering TxConfirmation information when the CAN controller is in the CAN_CS_STARTED state.
SWS_CANIF_00905,CanIf,can_interface,7.12 Transmit confirmation,47,SRS_Can_01172,missing,1.00,,The candidates do not implement the requirement for calling Mirror_ReportCanFrame() when Bus Mirroring is enabled and a frame is confirmed.
SWS_CANIF_00056,CanIf,can_interface,7.14 Receive indication,50,,implemented,0.90,communication/CanIf/src/CanIf.c:1170-1179,The candidate code directly implements the requirement by identifying the target upper layer module based on the configuration.
SWS_CANIF_00135,CanIf,can_interface,7.14 Receive indication,50,SRS_BSW_00325,partial,0.80,communication/CanIf/src/CanIf.c:1170-1179,"The code indicates that it is prepared to call a configured receive indication service, but does not fully implement the requirement as it lacks the actual invocation of the callback with the necessary parameters."
SWS_CANIF_00297,CanIf,can_interface,7.14 Receive indication,50,,missing,1.00,,None of the candidates implement the requirement as they either indicate non-implementation or do not provide the necessary functionality.
SWS_CANIF_00389,CanIf,can_interface,7.14 Receive indication,50,,missing,1.00,,The candidates do not implement the requirement for processing Software Filtering in the CanIf_RxIndication function.
SWS_CANIF_00390,CanIf,can_interface,7.14 Receive indication,50,,partial,0.80,communication/CanIf/src/CanIf.c:1152-1157 communication/CanIf/src/CanIf.c:1170-1179,"While the candidates show some relevant checks and processing related to data length, it is unclear if all conditions of the requirement are fully met."
SWS_CANIF_00851,CanIf,can_interface,7.14 Receive indication,50,,missing,1.00,,None of the candidates implement the requirement to copy the PDU payload to the static receive buffer and the CAN ID to the MetaDataItem of type CAN_ID_32.
SWS_CANIF_00906,CanIf,can_interface,7.14 Receive indication,50,SRS_Can_01172,missing,1.00,,None of the candidates implement the requirement for calling Mirror_ReportCanFrame() when CanIf_RxIndication() is invoked after enabling bus mirroring.
SWS_CANIF_00198,CanIf,can_interface,7.15 Read received data,51,,missing,1.00,,The candidates do not implement the requirement regarding the storage of received L-SDUs based on the specified configuration parameters.
SWS_CANIF_00199,CanIf,can_interface,7.15 Read received data,51,,missing,1.00,,None of the candidates implement the requirement as they either state that the functionality is not implemented or do not provide the necessary logic to fulfill the requirement.
SWS_CANIF_00064,CanIf,can_interface,7.17 Data integrity,52,SRS_BSW_00312,unverifiable,0.90,,The candidates do not provide sufficient information to determine if the shared code is reentrant as required.
SWS_CANIF_00472,CanIf,can_interface,7.16 Read Tx/Rx notification status,52,,missing,1.00,,None of the candidates implement the requirement to store the current notification status for each transmit L-SDU when the configuration parameter is set to TRUE.
SWS_CANIF_00473,CanIf,can_interface,7.16 Read Tx/Rx notification status,52,,missing,1.00,,None of the candidates implement the requirement to store the current notification status for each receive L-SDU when the configuration parameter is set to TRUE.
SWS_CANIF_00485,CanIf,can_interface,7.18.2 CAN Controller Operation Modes,54,,implemented,1.00,communication/CanIf/src/CanIf.c:507-514,The code clearly implements the requirement by clearing the transmit buffers when the controller enters the stopped state.
SWS_CANIF_00677,CanIf,can_interface,7.18.2 CAN Controller Operation Modes,54,SRS_Can_01162 SRS_Can_02003,partial,0.80,communication/CanIf/src/CanIf.c:732-859,"The code partially implements the requirement by returning E_NOT_OK when the controller is in the CAN_CS_STOPPED state, but it does not fully verify the PduIdType parameter assignment to the CAN Controller."
SWS_CANIF_00711,CanIf,can_interface,7.18.2 CAN Controller Operation Modes,54,,partial,0.80,communication/CanIf/src/CanIf.c:585-643,"The code partially implements the requirement by defining the function and indicating a callback, but it does not directly call CanSm_ControllerModeIndication as required."
SWS_CANIF_00712,CanIf,can_interface,7.18.2 CAN Controller Operation Modes,54,,partial,0.80,communication/CanIf/src/CanIf.c:1626-1647 communication/CanSM/src/CanSM.c:1166-1194,"The requirement specifies a call from CanIf_TrcvModeIndication to CanSM_TransceiverModeIndication, which is not fully implemented as the call is missing."
SWS_CANIF_00724,CanIf,can_interface,7.18.2 CAN Controller Operation Modes,54,,partial,0.80,communication/CanIf/src/CanIf.c:1450-1495 communication/CanSM/src/CanSM.c:252-289,"The requirement specifies that CanIf_ControllerBusOff must call CanSM_ControllerBusOff, which is partially satisfied by the code, but the full implementation of the requirement is not evident."
SWS_CANIF_00739,CanIf,can_interface,7.18.2 CAN Controller Operation Modes,54,,missing,1.00,,None of the candidates implement the requirement to inform upper layer modules about failed transmission when the controller enters the CAN_CS_STOPPED state.
SWS_CANIF_00395,CanIf,can_interface,7.18.4.1 Wake-up detection,56,,implemented,0.90,communication/CanIf/src/CanIf.c:1654-1707,The implementation of CanIf_CheckWakeup includes the necessary calls to check the wake-up source as specified.
SWS_CANIF_00678,CanIf,can_interface,7.18.4.1 Wake-up detection,56,,partial,0.80,communication/CanIf/src/CanIf.c:1654-1707,"The implementation partially fulfills the requirement by checking the return value of CanTrcv_CheckWakeup, but it does not explicitly handle the case where all calls return E_NOT_OK."
SWS_CANIF_00720,CanIf,can_interface,7.18.4.1 Wake-up detection,56,,implemented,0.90,communication/CanIf/src/CanIf.c:1654-1707,"The implementation of CanIf_CheckWakeup directly checks the return value of CanTrcv_CheckWakeup, which aligns with the requirement."
SWS_CANIF_00179,CanIf,can_interface,7.18.4.2 Wake-up Validation,57,SRS_Can_01136,partial,0.80,communication/CanIf/src/CanIf.c:1714-1793,"The code partially implements the requirement by validating wakeup sources in CanIf_CheckValidation, but it does not fulfill the requirement to call User_ValidateWakeupEvent."
SWS_CANIF_00286,CanIf,can_interface,7.18.4.2 Wake-up Validation,57,SRS_Can_01151,missing,1.00,,None of the candidates implement the requirement for wake-up validation as specified.
SWS_CANIF_00756,CanIf,can_interface,7.18.4.2 Wake-up Validation,57,,partial,0.80,communication/CanIf/src/CanIf.c:585-643,"The code partially addresses the requirement by checking the controller mode, but it lacks the implementation to clear the stored event."
SWS_CANIF_00073,CanIf,can_interface,7.19.2.1 CANIF_OFFLINE,59,,partial,0.80,communication/CanIf/src/CanIf.c:495-505 communication/CanIf/src/CanIf.c:732-859,"The code partially implements the requirement by handling transmit requests and clearing buffers, but does not address all aspects such as preventing receive indication callbacks."
SWS_CANIF_00864,CanIf,can_interface,7.19.2.1 CANIF_OFFLINE,59,,partial,0.80,communication/CanIf/src/CanIf.c:516-583,"The code partially addresses the requirement by setting the PduMode to offline for each channel during initialization, but it does not confirm that every channel is switched to CANIF_OFFLINE."
SWS_CANIF_00865,CanIf,can_interface,7.19.2.1 CANIF_OFFLINE,59,,partial,0.80,communication/CanIf/src/CanIf.c:645-711,"The function partially implements the requirement by handling the CANIF_CS_SLEEP case, but it does not fulfill the requirement to set the PDU channel mode to CANIF_OFFLINE."
SWS_CANIF_00866,CanIf,can_interface,7.19.2.1 CANIF_OFFLINE,59,,partial,0.80,communication/CanIf/src/CanIf.c:645-711 communication/CanIf/src/CanIf.c:1450-1495,"While both functions are related to setting the controller mode, neither explicitly implements the requirement to set the PDU channel mode to CANIF_TX_OFFLINE."
SWS_CANIF_00075,CanIf,can_interface,7.19.2.2 CANIF_ONLINE,60,,implemented,0.90,communication/CanIf/src/CanIf.c:732-859 communication/CanIf/src/CanIf.c:861-932 communication/CanIf/src/CanIf.c:1119-1124,The candidates collectively implement the required behavior for enabling transmit requests and callback services.
SWS_CANIF_00118,CanIf,can_interface,7.19.2.1 CANIF_OFFLINE,60,,implemented,0.90,communication/CanIf/src/CanIf.c:1450-1495,The code in CanIf_ControllerBusOff implements the behavior mandated by the requirement regarding the BusOff notification.
SWS_CANIF_00489,CanIf,can_interface,7.19.2.1 CANIF_OFFLINE,60,,partial,0.80,communication/CanIf/src/CanIf.c:495-505 communication/CanIf/src/CanIf.c:732-859 communication/CanIf/src/CanIf.c:861-932,"The code partially implements the requirement by addressing some of the mandated behaviors, but not all aspects are fully covered."
SWS_CANIF_00072,CanIf,can_interface,7.19.2.3 CANIF_OFFLINE_ACTIVE,61,,partial,0.80,communication/CanIf/src/CanIf.c:732-859,The code partially implements the requirement by checking the channel mode but does not fully satisfy the requirement of calling the confirmation callback immediately for L-PDUs in the specified mode.
SWS_CANIF_00951,CanIf,can_interface,7.20 Software receive filter,61,SRS_Can_02003,unverifiable,0.00,,The provided code does not contain any implementation details related to the specified requirement for comparing CAN XL frame parameters.
SWS_CANIF_00952,CanIf,can_interface,7.20 Software receive filter,61,SRS_Can_02003,missing,1.00,,None of the candidates implement the requirement regarding the comparison of Priority ID and VCID for CAN XL frames with SDU Type 03h.
SWS_CANIF_00953,CanIf,can_interface,7.20 Software receive filter,62,SRS_Can_02003,unverifiable,0.00,,The candidates do not provide sufficient information to determine if the requirement is implemented.
SWS_CANIF_00954,CanIf,can_interface,7.20 Software receive filter,62,SRS_Can_02003,unverifiable,0.00,,The candidates do not provide sufficient information to determine if the requirement regarding CAN ID filtering based on CAN XL Params is implemented.
SWS_CANIF_00955,CanIf,can_interface,7.20 Software receive filter,62,SRS_Can_02003,missing,0.90,,None of the candidates implement the requirement to drop frames when the CAN XL Params do not match the CanIfRxPduXLParams.
SWS_CANIF_00956,CanIf,can_interface,7.20 Software receive filter,62,SRS_Can_02003,unverifiable,0.00,,The candidates do not provide sufficient information to determine if the requirement is implemented.
SWS_CANIF_00030,CanIf,can_interface,7.20.1 Software filtering concept,63,SRS_Can_01018,unverifiable,0.90,,"The candidates do not provide sufficient information to determine if the requirement is implemented, as they focus on configuration types and annotations that do not directly show the implementation of the software filtering algorithm."
SWS_CANIF_00645,CanIf,can_interface,7.20.1 Software filtering concept,63,,implemented,0.90,communication/CanIf/src/CanIf.c:947-999 communication/CanIf/src/CanIf.c:1001-1031,"Both the binarySearch and linearSearch functions implement the filtering of CanIds based on defined upper and lower limits, as specified in the requirement."
SWS_CANIF_00646,CanIf,can_interface,7.20.1 Software filtering concept,63,,partial,0.80,communication/CanIf/src/CanIf.c:947-999 communication/CanIf/src/CanIf.c:1001-1031,"While the binarySearch and linearSearch functions implement logic to filter CAN IDs based on their ranges and types, the requirement specifies configurability for these ranges, which is not fully addressed in the provided code."
SWS_CANIF_00852,CanIf,can_interface,7.20.1 Software filtering concept,63,,unverifiable,0.00,,The candidates do not provide enough information to determine if the software filter selection based on CanId and ranges is implemented.
SWS_CANIF_00026,CanIf,can_interface,7.21 Data Length Check,64,SRS_Can_01005,partial,0.80,communication/CanIf/src/CanIf.c:1152-1157,"The code includes a check for the Data Length against a configured value, but it does not explicitly show acceptance of all valid L-PDUs as required."
SWS_CANIF_00168,CanIf,can_interface,7.21 Data Length Check,64,,missing,1.00,,None of the candidates implement the requirement to report a runtime error code to the Det_ReportRuntimeError() service when a data length check fails.
SWS_CANIF_00829,CanIf,can_interface,7.21 Data Length Check,64,,partial,0.80,communication/CanIf/src/CanIf.c:1170-1179,"The candidate code partially implements the requirement by checking the user indication and identifying the target upper layer module, but it does not explicitly show the passing of the length value to the upper layer."
SWS_CANIF_00830,CanIf,can_interface,7.21 Data Length Check,64,,unverifiable,0.50,,"The candidates do not provide sufficient information to determine if the requirement is implemented, as they do not clearly show the handling of the Data Length Check configuration."
SWS_CANIF_00902,CanIf,can_interface,7.21 Data Length Check,64,,unverifiable,0.90,,The candidates do not provide sufficient information to determine if the Data Length Check is enabled globally or disabled individually per PDU.
SWS_CANIF_00747,CanIf,can_interface,7.25 Partial Networking,69,,partial,0.80,communication/CanIf/src/CanIf.c:174-185 communication/CanIf/src/CanIf.c:1330-1338,"While there are indications of support for a PnTxFilter in the code, it is not clear if the complete requirement is fully implemented."
SWS_CANIF_00748,CanIf,can_interface,7.25 Partial Networking,69,,partial,0.80,communication/CanIf/src/CanIf.c:516-583 communication/CanIf/src/CanIf.c:1330-1338,"The code includes checks for the configuration of Tx L-PDUs, but it does not explicitly ensure that the PnTxFilter transitions its modes based on the count of configured Tx L-PDUs."
SWS_CANIF_00749,CanIf,can_interface,7.25 Partial Networking,69,,partial,0.80,communication/CanIf/src/CanIf.c:1330-1338 communication/CanIf/src/CanIf.c:645-711,"While the enabling of the PnTxFilter is present in the code, it is not clear if it is directly linked to the CanIf_SetControllerMode function when transitioning to CAN_CS_SLEEP."
SWS_CANIF_00750,CanIf,can_interface,7.25 Partial Networking,69,,partial,0.80,communication/CanIf/src/CanIf.c:732-859,"The code partially implements the requirement by blocking Tx requests when the PnTxFilter is enabled, but it does not explicitly check against the configured CanIfTxPduPnFilterPdus."
SWS_CANIF_00751,CanIf,can_interface,7.25 Partial Networking,69,,partial,0.80,communication/CanIf/src/CanIf.c:861-932,"The code partially implements the requirement by defining the function CanIf_TxConfirmation, but it does not clearly demonstrate the disabling of the corresponding PnTxFilter as mandated."
SWS_CANIF_00863,CanIf,can_interface,7.25 Partial Networking,69,,implemented,0.90,communication/CanIf/src/CanIf.c:516-583,The code in CanIf_Init clearly shows that the PnTxFilter is enabled during initialization when the corresponding configuration is set.
SWS_CANIF_00752,CanIf,can_interface,7.25 Partial Networking,70,,partial,0.80,communication/CanIf/src/CanIf.c:1341-1431,"The implementation partially addresses the requirement by invoking a related function, but it does not fully implement the specified behavior for all cases."
SWS_CANIF_00878,CanIf,can_interface,7.25 Partial Networking,70,,partial,0.80,communication/CanIf/src/CanIf.c:1341-1431,"The code partially implements the requirement by enabling the PnTxFilter in certain conditions, but it does not fully address the specific case of calling CanIf_SetPduMode with CANIF_TX_OFFLINE."
SWS_CANIF_00896,CanIf,can_interface,7.25 Partial Networking,70,,missing,1.00,,"None of the candidates implement the requirement that states if CanIf_RxIndication() is called and PnTxFilter is enabled, the corresponding PnTxFilter shall be disabled."
SWS_CANIF_00913,CanIf,can_interface,7.28 Security Events,72,RS_Ids_00810,missing,1.00,,None of the candidates implement the requirement regarding security event reporting for the CanIf module.
SWS_CANIF_00937,CanIf,can_interface,7.27.1 Dynamic Control of CAN XL Attributes,72,SRS_Can_02003,missing,1.00,,None of the candidates implement the requirement to extract specific CAN XL parameters from CanXL_Params and collect them into the PDU's MetaData.
SWS_CANIF_00938,CanIf,can_interface,7.27.1 Dynamic Control of CAN XL Attributes,72,SRS_Can_02003,unverifiable,0.00,,The candidates do not provide sufficient information to determine if the requirement regarding the assembly of CanXL_Params from specific MetaData items is implemented.
SWS_CANIF_91010,CanIf,can_interface,7.28 Security Events,72,RS_Ids_00810,missing,1.00,,None of the candidates implement the specified security events for CanIf as described in the requirement.
SWS_CANIF_00915,CanIf,can_interface,7.28 Security Events,73,RS_Ids_00810,missing,1.00,,None of the candidates implement the requirement for CanIf_ErrorNotification to report a Tx related error.
SWS_CANIF_00916,CanIf,can_interface,7.28 Security Events,73,RS_Ids_00810,missing,1.00,,None of the candidates implement the requirement regarding the CanIf_ErrorNotification function and the associated error reporting.
SWS_CANIF_00917,CanIf,can_interface,7.28 Security Events,73,RS_Ids_00810,missing,0.90,,None of the candidates implement the requirement regarding the reporting of the security event SEV_CAN_ERRORSTATE_PASSIVE based on the specified conditions.
SWS_CANIF_00918,CanIf,can_interface,7.28 Security Events,74,RS_Ids_00810,partial,0.80,communication/CanIf/src/CanIf.c:1450-1495,"The function CanIf_ControllerBusOff is present and performs some actions related to bus-off events, but it does not fulfill the requirement to report the specific security event."
SWS_CANIF_91006,CanIf,can_interface,7.29.1 Development Errors,74,,missing,0.90,,None of the candidates implement the specified development error codes for the CanIf module.
SWS_CANIF_91007,CanIf,can_interface,7.29.2 Runtime Errors,75,,missing,1.00,,None of the candidates implement the requirement regarding runtime errors and their related error codes.
SWS_CANIF_00142,CanIf,can_interface,8.1 Imported types,76,SRS_BSW_00348 SRS_BSW_00353,missing,1.00,,"None of the candidates implement the requirement for the imported datatypes, as indicated by the annotations and the absence of the required types in the code."
SWS_CANIF_00144,CanIf,can_interface,8.2.1 CanIf_ConfigType,76,,implemented,1.00,communication/CanIf/inc/CanIf_ConfigTypes.h:403-416,"The candidate code defines the CanIf_ConfigType structure as required, which is necessary for the initialization of the CAN interface."
SWS_CANIF_00137,CanIf,can_interface,8.2.2 CanIf_PduModeType,77,,missing,1.00,,None of the candidates define the CanIf_PduModeType enumeration as specified in the requirement.
SWS_CANIF_00523,CanIf,can_interface,8.2.1 CanIf_ConfigType,77,,missing,1.00,,"None of the candidates implement the requirement for the initialization data structure of CanIf_ConfigType, as indicated by the developer's annotation stating it is not implemented."
SWS_CANIF_00001,CanIf,can_interface,8.3.1 CanIf_Init,78,SRS_BSW_00405 SRS_BSW_00101 SRS_BSW_00358 SRS_BSW_00414 SRS_Can_01021 SRS_Can_01022,implemented,0.90,communication/CanIf/src/CanIf.c:516-583 communication/CanIf/inc/CanIf.h:136-137 communication/CanIf/inc/CanIf_ConfigTypes.h:403-416,The implementation of CanIf_Init matches the requirement for initializing the CAN Interface.
SWS_CANIF_00201,CanIf,can_interface,8.2.3 CanIf_NotifStatusType,78,,implemented,1.00,communication/CanIf/inc/CanIf_Types.h:139-147,"The definition of CanIf_NotifStatusType is present in the code, fulfilling the requirement."
SWS_CANIF_00661,CanIf,can_interface,8.3 Function definitions,78,,partial,0.80,communication/CanIf/src/CanIf.c:585-643 communication/CanIf/src/CanIf.c:645-711 communication/CanIf/src/CanIf.c:713-730 communication/CanIf/src/CanIf.c:732-859 communication/CanIf/src/CanIf.c:861-932 communication/CanIf/src/CanIf.c:1341-1431 communication/CanIf/src/CanIf.c:1433-1448 communication/CanIf/src/CanIf.c:1450-1495,"While several functions check if the CanIf has been initialized and return E_NOT_OK if it has not, the requirement specifies that all CanIf API services other than CanIf_Init() and CanIf_GetVersionInfo() should not execute normally unless initialized. The functions provided do not cover all API services, hence the status is partial."
SWS_CANIF_00003,CanIf,can_interface,8.3.3 CanIf_SetControllerMode,79,SRS_Can_01027,implemented,0.90,communication/CanIf/src/CanIf.c:645-711,The function CanIf_SetControllerMode matches the specification for changing the controller mode and returning success or failure.
SWS_CANIF_00085,CanIf,can_interface,8.3.1 CanIf_Init,79,,implemented,0.90,communication/CanIf/src/CanIf.c:516-583,"The implementation of CanIf_Init clearly initializes the necessary global variables and data structures, fulfilling the requirement."
SWS_CANIF_91002,CanIf,can_interface,8.3.2 CanIf_DeInit,79,SRS_Can_01168 SRS_BSW_00336,missing,1.00,,None of the candidates implement the CanIf_DeInit function as specified.
SWS_CANIF_00229,CanIf,can_interface,8.3.4 CanIf_GetControllerMode,80,SRS_Can_01028,implemented,1.00,communication/CanIf/src/CanIf.c:713-730,The implementation of CanIf_GetControllerMode matches the specification requirements for retrieving the controller mode.
SWS_CANIF_00308,CanIf,can_interface,8.3.3 CanIf_SetControllerMode,80,,implemented,1.00,communication/CanIf/src/CanIf.c:645-711,The code in CanIf_SetControllerMode directly implements the requirement by calling Can_SetControllerMode with the appropriate parameters.
SWS_CANIF_00311,CanIf,can_interface,8.3.3 CanIf_SetControllerMode,80,SRS_BSW_00323,implemented,1.00,communication/CanIf/src/CanIf.c:645-711,The code clearly implements the requirement by validating the ControllerId and reporting the appropriate error code.
SWS_CANIF_00774,CanIf,can_interface,8.3.3 CanIf_SetControllerMode,80,SRS_BSW_00323,implemented,0.90,communication/CanIf/src/CanIf.c:645-711,The code in CanIf_SetControllerMode implements the requirement by validating the ControllerMode and reporting an error if it is invalid.
SWS_CANIF_00313,CanIf,can_interface,8.3.4 CanIf_GetControllerMode,81,SRS_BSW_00323,implemented,1.00,communication/CanIf/src/CanIf.c:713-730,The code clearly implements the requirement by validating the ControllerId and reporting the appropriate error code.
SWS_CANIF_00656,CanIf,can_interface,8.3.4 CanIf_GetControllerMode,81,SRS_BSW_00323,implemented,0.90,communication/CanIf/src/CanIf.c:713-730,The code in CanIf_GetControllerMode implements the requirement by validating the ControllerModePtr parameter and reporting the appropriate error.
SWS_CANIF_00898,CanIf,can_interface,8.3.5 CanIf_GetControllerErrorState,81,SRS_BSW_00323,missing,1.00,,None of the candidates implement the requirement to report an error when an invalid ControllerId is passed to CanIf_GetControllerErrorState.
SWS_CANIF_91001,CanIf,can_interface,8.3.5 CanIf_GetControllerErrorState,81,SRS_Can_01169,missing,1.00,,None of the candidates implement the CanIf_GetControllerErrorState function as specified in the requirement.
SWS_CANIF_00005,CanIf,can_interface,8.3.6 CanIf_Transmit,82,SRS_Can_01008,implemented,0.90,communication/CanIf/src/CanIf.c:732-859,"The code for CanIf_Transmit matches the specification for the function, including its parameters and return values."
SWS_CANIF_00317,CanIf,can_interface,8.3.6 CanIf_Transmit,82,,implemented,0.90,communication/CanIf/src/CanIf.c:732-859,The code in CanIf_Transmit implements the requirement by validating the controller mode and channel mode before accepting a transmit request.
SWS_CANIF_00318,CanIf,can_interface,8.3.6 CanIf_Transmit,82,,partial,0.80,communication/CanIf/src/CanIf.c:732-859 communication/CanIf/src/CanIf.c:861-932,"The implementation of CanIf_Transmit partially meets the requirement by calling Can_Write, but it does not fully set the Can_PduType structure as mandated."
SWS_CANIF_00899,CanIf,can_interface,8.3.5 CanIf_GetControllerErrorState,82,SRS_BSW_00323,missing,1.00,,None of the candidates implement the requirement for reporting an error when the ErrorStatePtr parameter is a null pointer in the CanIf_GetControllerErrorState function.
SWS_CANIF_00939,CanIf,can_interface,8.3.6 CanIf_Transmit,82,SRS_Can_01162 SRS_Can_02003,unverifiable,0.90,,The code does not provide enough information to determine if CanIf_Transmit uses CanXL_Write() or Can_Write() based on the condition specified in the requirement.
SWS_CANIF_00162,CanIf,can_interface,8.3.6 CanIf_Transmit,83,SRS_Can_01162 SRS_Can_02003,partial,0.80,communication/CanIf/src/CanIf.c:732-859,"The implementation partially satisfies the requirement as it involves checking the return value of Can_Write, but it does not guarantee that CanIf_Transmit will return E_OK in all cases where Can_Write returns E_OK."
SWS_CANIF_00243,CanIf,can_interface,8.3.6 CanIf_Transmit,83,SRS_Can_01141,partial,0.80,communication/CanIf/src/CanIf.c:732-859,"The code partially implements the requirement by handling CAN transmission, but it lacks clear evidence of setting the specific bits in the CanId."
SWS_CANIF_00319,CanIf,can_interface,8.3.6 CanIf_Transmit,83,SRS_BSW_00323,implemented,1.00,communication/CanIf/src/CanIf.c:732-859,The code in CanIf_Transmit implements the requirement by validating the TxPduId and reporting the appropriate error code.
SWS_CANIF_00320,CanIf,can_interface,8.3.6 CanIf_Transmit,83,SRS_BSW_00323,implemented,1.00,communication/CanIf/src/CanIf.c:732-859,The code in CanIf_Transmit correctly implements the requirement by validating the PduInfoPtr parameter and reporting the appropriate error code.
SWS_CANIF_00882,CanIf,can_interface,8.3.6 CanIf_Transmit,83,,partial,0.80,communication/CanIf/src/CanIf.c:732-859,"The code partially implements the requirement by checking for a NULL PduInfoPtr, but does not fully address the condition regarding PduInfoPtr->SduDataPtr being NULL for triggered transmission."
SWS_CANIF_00957,CanIf,can_interface,8.3.6 CanIf_Transmit,83,SRS_Can_02003,partial,0.80,communication/CanIf/src/CanIf.c:732-859 communication/CanIf/src/CanIf.c:861-932,"The implementation of CanIf_Transmit partially addresses the requirement by handling the transmission of PDUs, but it does not call CanXL_Write() with the required parameters, which is a critical part of the requirement."
SWS_CANIF_00893,CanIf,can_interface,8.3.6 CanIf_Transmit,84,SRS_Can_01162 SRS_Can_02003,partial,0.80,communication/CanIf/src/CanIf.c:732-859,The function partially implements the requirement by checking the SduLength but does not fully handle the error reporting as specified.
SWS_CANIF_00894,CanIf,can_interface,8.3.6 CanIf_Transmit,84,,partial,0.80,communication/CanIf/src/CanIf.c:732-859,"The code partially implements the requirement by checking the length of the data to be transmitted, but it does not clearly indicate that it truncates the data when the length exceeds the global PDU."
SWS_CANIF_00900,CanIf,can_interface,8.3.6 CanIf_Transmit,84,,missing,1.00,,The code does not implement the requirement for CanIf_Transmit to report a runtime error when PduInfoPtr->SduLength exceeds the global PDU length.
SWS_CANIF_00940,CanIf,can_interface,8.3.6 CanIf_Transmit,84,SRS_Can_02003,missing,1.00,,None of the candidates implement the requirement for reporting a runtime error when CanIf_Transmit is called with specific conditions.
SWS_CANIF_00941,CanIf,can_interface,8.3.6 CanIf_Transmit,84,SRS_Can_02003,missing,1.00,,"The code does not implement the requirement for composing CanXL_Params from CanIfTxPduXLParams and MetaData, as there is no indication of handling CAN XL frames in the CanIf_Transmit function."
SWS_CANIF_00194,CanIf,can_interface,8.3.7 CanIf_ReadRxPduData,85,SRS_Can_01125 SRS_Can_01129,missing,1.00,,"The candidates do not implement the requirement for the CanIf_ReadRxPduData function, and the annotation explicitly states it is not implemented."
SWS_CANIF_00324,CanIf,can_interface,8.3.7 CanIf_ReadRxPduData,85,,missing,1.00,,"The function CanIf_ReadRxPduData does not implement the requirement as it explicitly states it is not implemented, and there are no other candidates that fulfill the requirement."
SWS_CANIF_00325,CanIf,can_interface,8.3.7 CanIf_ReadRxPduData,85,SRS_BSW_00323,missing,1.00,,"None of the candidates implement the requirement, and the annotation in candidate 1 explicitly states that the implementation is not present."
SWS_CANIF_00942,CanIf,can_interface,8.3.6 CanIf_Transmit,85,SRS_Can_02003,partial,0.80,communication/CanIf/inc/CanIf_ConfigTypes.h:228-281 communication/CanIf/src/CanIf.c:1208-1265,"The candidates provide some relevant structures and functions related to CAN ID configuration and usage, but do not fully implement the requirement of transmitting the CAN ID in the Acceptance Field."
SWS_CANIF_00943,CanIf,can_interface,8.3.6 CanIf_Transmit,85,SRS_Can_02003,missing,1.00,,"The code does not set the parameter PduInfo->sec to 0 when CanIf_Transmit is called, as required."
SWS_CANIF_00202,CanIf,can_interface,8.3.8 CanIf_ReadTxNotifStatus,86,SRS_Can_01130,missing,1.00,,"The candidates do not implement the requirement for the CanIf_ReadTxNotifStatus function, as indicated by the developer annotations stating it is not implemented."
SWS_CANIF_00326,CanIf,can_interface,8.3.7 CanIf_ReadRxPduData,86,SRS_BSW_00323,missing,1.00,,The candidates do not implement the requirement to report an error when the CanIfRxInfoPtr parameter is invalid.
SWS_CANIF_00329,CanIf,can_interface,8.3.7 CanIf_ReadRxPduData,86,,missing,1.00,,"The candidates do not implement the requirement that CanIf_ReadRxPduData shall not be used for CanIfRxSduId, as the code explicitly states it is not implemented."
SWS_CANIF_00330,CanIf,can_interface,8.3.7 CanIf_ReadRxPduData,86,,missing,1.00,,"The candidates do not implement the requirement for CanIf_ReadRxPduData, and the annotation explicitly states it is not implemented."
SWS_CANIF_00331,CanIf,can_interface,8.3.8 CanIf_ReadTxNotifStatus,86,SRS_BSW_00323,missing,1.00,,"None of the candidates implement the requirement, and the annotation in candidate 1 explicitly states that the functionality is not implemented."
SWS_CANIF_00393,CanIf,can_interface,8.3.8 CanIf_ReadTxNotifStatus,86,,missing,1.00,,The candidates do not implement the requirement as the function CanIf_ReadTxNotifStatus explicitly states it does not fulfill the requirement.
SWS_CANIF_00230,CanIf,can_interface,8.3.9 CanIf_ReadRxNotifStatus,87,SRS_Can_01130 SRS_Can_01131,missing,1.00,,The candidates do not implement the requirement for the CanIf_ReadRxNotifStatus function as indicated by the developer comments stating it is not implemented.
SWS_CANIF_00335,CanIf,can_interface,8.3.8 CanIf_ReadTxNotifStatus,87,,missing,1.00,,The function CanIf_ReadTxNotifStatus is explicitly marked as not implemented according to the developer's annotation.
SWS_CANIF_00336,CanIf,can_interface,8.3.9 CanIf_ReadRxNotifStatus,87,SRS_BSW_00323,missing,1.00,,"The candidates do not implement the requirement as the function CanIf_ReadRxNotifStatus explicitly states it does not fulfill the requirement, and there is no code that reports the error to Det_ReportError."
SWS_CANIF_00394,CanIf,can_interface,8.3.9 CanIf_ReadRxNotifStatus,87,,missing,1.00,,The candidates do not implement the requirement as the function CanIf_ReadRxNotifStatus explicitly states it does not fulfill the requirement.
SWS_CANIF_00008,CanIf,can_interface,8.3.10 CanIf_SetPduMode,88,,implemented,0.90,communication/CanIf/src/CanIf.c:1341-1431,The function clearly implements the required API function CanIf_SetPduMode as described in the requirement.
SWS_CANIF_00340,CanIf,can_interface,8.3.9 CanIf_ReadRxNotifStatus,88,,missing,1.00,,"The candidates do not implement the requirement for CanIf_ReadRxNotifStatus, as indicated by the developer's annotation stating it is not implemented."
SWS_CANIF_00341,CanIf,can_interface,8.3.10 CanIf_SetPduMode,88,SRS_BSW_00323,implemented,0.90,communication/CanIf/src/CanIf.c:1341-1431 communication/CanIf/src/CanIf.c:127-133,The code clearly implements the requirement by validating the ControllerId and reporting the error through the Det_ReportError service.
SWS_CANIF_00860,CanIf,can_interface,8.3.10 CanIf_SetPduMode,88,SRS_BSW_00323,partial,0.80,communication/CanIf/src/CanIf.c:1341-1431 communication/CanIf/src/CanIf.c:127-133,"The function partially implements the requirement by validating the PduModeRequest, but it does not report the specific error code as required."
SWS_CANIF_00874,CanIf,can_interface,8.3.10 CanIf_SetPduMode,88,,partial,0.80,communication/CanIf/src/CanIf.c:1341-1431,"The function partially implements the requirement by validating the controller ID and initialization state, but it does not specifically check if the controller mode is CAN_CS_STARTED before returning E_OK."
SWS_CANIF_00009,CanIf,can_interface,8.3.11 CanIf_GetPduMode,89,,implemented,1.00,communication/CanIf/src/CanIf.c:1433-1448,The implementation of CanIf_GetPduMode matches the specification's description and parameters.
SWS_CANIF_00158,CanIf,can_interface,8.3.12 CanIf_GetVersionInfo,89,SRS_BSW_00407 SRS_BSW_00411,implemented,0.90,communication/CanIf/inc/CanIf.h:185-188,The candidate code includes a macro that matches the required function signature and is annotated as implementing the requirement.
SWS_CANIF_00346,CanIf,can_interface,8.3.11 CanIf_GetPduMode,89,SRS_BSW_00323,partial,0.80,communication/CanIf/src/CanIf.c:1433-1448,"The code partially implements the requirement by validating the ControllerId and using the error code, but it does not show the call to Det_ReportError."
SWS_CANIF_00657,CanIf,can_interface,8.3.11 CanIf_GetPduMode,89,SRS_BSW_00323,implemented,1.00,communication/CanIf/src/CanIf.c:1433-1448,The code clearly implements the requirement by validating the PduModePtr and reporting the appropriate error.
SWS_CANIF_00189,CanIf,can_interface,8.3.13 CanIf_SetDynamicTxId,90,,missing,1.00,,"The candidates do not implement the requirement for the CanIf_SetDynamicTxId function, and the annotation explicitly states it is not implemented."
SWS_CANIF_00352,CanIf,can_interface,8.3.13 CanIf_SetDynamicTxId,90,SRS_BSW_00323,missing,1.00,,None of the candidates implement the requirement to report an error when an invalid CanIfTxSduId is provided.
SWS_CANIF_00353,CanIf,can_interface,8.3.13 CanIf_SetDynamicTxId,90,SRS_BSW_00323,missing,1.00,,"The candidates do not implement the requirement to report an error when an invalid CanId is provided to CanIf_SetDynamicTxId, as indicated by the developer annotations and the absence of relevant error reporting in the implementation."
SWS_CANIF_00355,CanIf,can_interface,8.3.13 CanIf_SetDynamicTxId,90,,missing,1.00,,"The candidates do not implement the requirement that CanIf_SetDynamicTxId() should not execute a reconfiguration of Tx CanId if CanIf was not initialized, and the annotation explicitly states that this is not implemented."
SWS_CANIF_00944,CanIf,can_interface,8.3.13 CanIf_SetDynamicTxId,90,SRS_Can_02003,missing,1.00,,The candidates do not implement the requirement to report the error code CANIF_E_INVALID_TXPDUID when CanIf_SetDynamicTxId() is called with a specific parameter.
SWS_CANIF_00287,CanIf,can_interface,8.3.14 CanIf_SetTrcvMode,91,,implemented,1.00,communication/CanIf/src/CanIf.c:1537-1558,"The code for CanIf_SetTrcvMode directly implements the behavior described in the requirement, including validation and calling the appropriate driver service."
SWS_CANIF_00357,CanIf,can_interface,8.3.13 CanIf_SetDynamicTxId,91,,missing,1.00,,The candidates do not implement the requirement for pre compile time configurability of the CanIf_SetDynamicTxId function.
SWS_CANIF_00358,CanIf,can_interface,8.3.14 CanIf_SetTrcvMode,91,,implemented,1.00,communication/CanIf/src/CanIf.c:1537-1558,The code clearly implements the requirement by calling the specified function with the correct arguments.
SWS_CANIF_00538,CanIf,can_interface,8.3.14 CanIf_SetTrcvMode,91,SRS_BSW_00323,implemented,1.00,communication/CanIf/src/CanIf.c:1537-1558,The code in CanIf_SetTrcvMode implements the requirement by validating the TransceiverId and reporting the appropriate error code.
SWS_CANIF_00288,CanIf,can_interface,8.3.15 CanIf_GetTrcvMode,92,,implemented,1.00,communication/CanIf/src/CanIf.c:1560-1580,The function CanIf_GetTrcvMode is fully implemented as specified in the requirement.
SWS_CANIF_00362,CanIf,can_interface,8.3.14 CanIf_SetTrcvMode,92,,partial,0.80,communication/CanIf/src/CanIf.c:1537-1558,"The function partially implements the requirement by validating the transceiver's state and ID, but it lacks the necessary logic to return E_NOT_OK when no transceiver is configured."
SWS_CANIF_00363,CanIf,can_interface,8.3.15 CanIf_GetTrcvMode,92,,implemented,1.00,communication/CanIf/src/CanIf.c:1560-1580,The code clearly implements the requirement by calling the specified function with the correct arguments.
SWS_CANIF_00648,CanIf,can_interface,8.3.14 CanIf_SetTrcvMode,92,SRS_BSW_00323,implemented,1.00,communication/CanIf/src/CanIf.c:1537-1558,The code in CanIf_SetTrcvMode implements the requirement by validating the TransceiverMode and reporting the appropriate error code.
SWS_CANIF_00289,CanIf,can_interface,8.3.16 CanIf_GetTrcvWakeupReason,93,,implemented,1.00,communication/CanIf/src/CanIf.c:1582-1601,The code clearly implements the functionality described in the requirement for the CanIf_GetTrcvWakeupReason API.
SWS_CANIF_00364,CanIf,can_interface,8.3.15 CanIf_GetTrcvMode,93,SRS_BSW_00323,implemented,0.90,communication/CanIf/src/CanIf.c:1560-1580,The code in CanIf_GetTrcvMode implements the requirement by validating the TransceiverId and reporting the appropriate error code.
SWS_CANIF_00367,CanIf,can_interface,8.3.15 CanIf_GetTrcvMode,93,,missing,1.00,,The candidates do not implement the requirement for CanIf_GetTrcvMode to return E_NOT_OK when no transceiver is configured.
SWS_CANIF_00650,CanIf,can_interface,8.3.15 CanIf_GetTrcvMode,93,SRS_BSW_00323,implemented,1.00,communication/CanIf/src/CanIf.c:1560-1580,The code in CanIf_GetTrcvMode implements the requirement by validating the TransceiverModePtr parameter and reporting an error if it is invalid.
SWS_CANIF_00368,CanIf,can_interface,8.3.16 CanIf_GetTrcvWakeupReason,94,,implemented,1.00,communication/CanIf/src/CanIf.c:1582-1601,The implementation of CanIf_GetTrcvWakeupReason directly fulfills the requirement by calling CanTrcv_GetBusWuReason with the correct arguments.
SWS_CANIF_00371,CanIf,can_interface,8.3.16 CanIf_GetTrcvWakeupReason,94,,missing,1.00,,The candidates do not implement the requirement for CanIf_GetTrcvWakeupReason to return E_NOT_OK when no transceiver is configured.
SWS_CANIF_00537,CanIf,can_interface,8.3.16 CanIf_GetTrcvWakeupReason,94,SRS_BSW_00323,implemented,1.00,communication/CanIf/src/CanIf.c:1582-1601,The code clearly implements the requirement by validating the TransceiverId and reporting the appropriate error code.
SWS_CANIF_00649,CanIf,can_interface,8.3.16 CanIf_GetTrcvWakeupReason,94,SRS_BSW_00323,implemented,1.00,communication/CanIf/src/CanIf.c:1582-1601,The code clearly implements the requirement by validating the pointer and reporting the appropriate error.
SWS_CANIF_00290,CanIf,can_interface,8.3.17 CanIf_SetTrcvWakeupMode,95,,implemented,1.00,communication/CanIf/src/CanIf.c:1603-1624,The candidate code clearly implements the function CanIf_SetTrcvWakeupMode as specified in the requirement.
SWS_CANIF_00372,CanIf,can_interface,8.3.17 CanIf_SetTrcvWakeupMode,95,,implemented,1.00,communication/CanIf/src/CanIf.c:1603-1624,The code clearly implements the requirement by calling the specified function with the correct arguments.
SWS_CANIF_00219,CanIf,can_interface,8.3.18 CanIf_CheckWakeup,96,,implemented,1.00,communication/CanIf/src/CanIf.c:1654-1707,The implementation of CanIf_CheckWakeup matches the requirement's description and return values.
SWS_CANIF_00373,CanIf,can_interface,8.3.17 CanIf_SetTrcvWakeupMode,96,,implemented,1.00,communication/CanIf/src/CanIf.c:1603-1624,The function CanIf_SetTrcvWakeupMode implements the required behavior by validating the transceiver configuration and returning an error if no transceiver is configured.
SWS_CANIF_00535,CanIf,can_interface,8.3.17 CanIf_SetTrcvWakeupMode,96,SRS_BSW_00323,implemented,0.90,communication/CanIf/src/CanIf.c:1603-1624,The code in CanIf_SetTrcvWakeupMode implements the requirement by validating the TransceiverId and reporting the appropriate error code.
SWS_CANIF_00536,CanIf,can_interface,8.3.17 CanIf_SetTrcvWakeupMode,96,SRS_BSW_00323,implemented,1.00,communication/CanIf/src/CanIf.c:1603-1624,The code clearly implements the requirement by validating the TrcvWakeupMode parameter and reporting the appropriate error.
SWS_CANIF_00178,CanIf,can_interface,8.3.19 CanIf_CheckValidation,97,,implemented,1.00,communication/CanIf/src/CanIf.c:1714-1793,"The implementation of CanIf_CheckValidation directly corresponds to the specified behavior in the requirement, including the return values based on validation."
SWS_CANIF_00398,CanIf,can_interface,8.3.18 CanIf_CheckWakeup,97,SRS_BSW_00323,implemented,1.00,communication/CanIf/src/CanIf.c:1654-1707,The code in CanIf_CheckWakeup implements the requirement by validating the WakeupSource and reporting the appropriate error code when it is invalid.
SWS_CANIF_00404,CanIf,can_interface,8.3.19 CanIf_CheckValidation,97,SRS_BSW_00323,implemented,0.90,communication/CanIf/src/CanIf.c:1714-1793,The code in CanIf_CheckValidation implements the requirement by validating the WakeupSource and reporting the appropriate error code.
SWS_CANIF_00408,CanIf,can_interface,8.3.19 CanIf_CheckValidation,98,,unverifiable,0.90,,"The requirement specifies a configuration aspect of the CanIf_CheckValidation function, which cannot be determined from the provided code."
SWS_CANIF_00734,CanIf,can_interface,8.3.20 CanIf_GetTxConfirmationState,98,,missing,1.00,,The function CanIf_GetTxConfirmationState is explicitly marked as not implemented according to the developer's annotation.
SWS_CANIF_00736,CanIf,can_interface,8.3.20 CanIf_GetTxConfirmationState,98,,missing,1.00,,The candidates do not implement the requirement to report an error for an invalid ControllerId in CanIf_GetTxConfirmationState.
SWS_CANIF_00738,CanIf,can_interface,8.3.20 CanIf_GetTxConfirmationState,98,,missing,1.00,,"The function CanIf_GetTxConfirmationState is explicitly marked as not implemented, and no other candidates provide the required functionality."
SWS_CANIF_00760,CanIf,can_interface,8.3.21 CanIf_ClearTrcvWufFlag,99,,implemented,0.90,communication/CanIf/src/CanIf.c:1810-1826,The function clearly implements the required behavior as specified in the requirement.
SWS_CANIF_00761,CanIf,can_interface,8.3.22 CanIf_CheckTrcvWakeFlag,99,,implemented,1.00,communication/CanIf/src/CanIf.c:1831-1847,The code clearly implements the CanIf_CheckTrcvWakeFlag function as specified in the requirement.
SWS_CANIF_00766,CanIf,can_interface,8.3.21 CanIf_ClearTrcvWufFlag,99,,implemented,1.00,communication/CanIf/src/CanIf.c:1810-1826,"The implementation of CanIf_ClearTrcvWufFlag includes a call to CanTrcv_ClearTrcvWufFlag, fulfilling the requirement."
SWS_CANIF_00769,CanIf,can_interface,8.3.21 CanIf_ClearTrcvWufFlag,99,,implemented,1.00,communication/CanIf/src/CanIf.c:1810-1826,The code in CanIf_ClearTrcvWufFlag implements the requirement by validating the TransceiverId and reporting the appropriate error code.
SWS_CANIF_00771,CanIf,can_interface,8.3.21 CanIf_ClearTrcvWufFlag,99,,missing,1.00,,The code does not provide any implementation for the configuration of the CanIf_ClearTrcvWufFlag function as specified in the requirement.
SWS_CANIF_00765,CanIf,can_interface,8.3.22 CanIf_CheckTrcvWakeFlag,100,,implemented,1.00,communication/CanIf/src/CanIf.c:1831-1847,The code clearly implements the requirement by calling the specified function within CanIf_CheckTrcvWakeFlag.
SWS_CANIF_00770,CanIf,can_interface,8.3.22 CanIf_CheckTrcvWakeFlag,100,,implemented,0.90,communication/CanIf/src/CanIf.c:1831-1847,The code in CanIf_CheckTrcvWakeFlag implements the requirement by validating the TransceiverId and reporting the appropriate error code.
SWS_CANIF_00813,CanIf,can_interface,8.3.22 CanIf_CheckTrcvWakeFlag,100,,missing,1.00,,The candidates do not implement the requirement for pre compile time configurability of the CanIf_CheckTrcvWakeFlag function.
SWS_CANIF_00867,CanIf,can_interface,8.3.23 CanIf_SetBaudrate,100,,missing,1.00,,None of the candidates implement the CanIf_SetBaudrate function as specified in the requirement.
SWS_CANIF_00868,CanIf,can_interface,8.3.23 CanIf_SetBaudrate,101,,missing,1.00,,"None of the candidates implement the requirement that CanIf_SetBaudrate() calls Can_SetBaudrate(Controller, BaudRateConfigID)."
SWS_CANIF_00869,CanIf,can_interface,8.3.23 CanIf_SetBaudrate,101,SRS_BSW_00323,missing,1.00,,None of the candidates implement the requirement to report an error when CanIf_SetBaudrate is called with an invalid ControllerId.
SWS_CANIF_00871,CanIf,can_interface,8.3.23 CanIf_SetBaudrate,101,,missing,1.00,,None of the candidates implement the requirement for CanIf_SetBaudrate to be configurable via CanIfSetBaudrateApi.
SWS_CANIF_00907,CanIf,can_interface,8.3.24 CanIf_GetControllerRxErrorCounter,101,SRS_BSW_00323,missing,1.00,,None of the candidates implement the requirement to report the error code CANIF_E_PARAM_CONTROLLERID to the Det_ReportError service when an invalid ControllerId is passed to CanIf_GetControllerRxErrorCounter.
SWS_CANIF_00908,CanIf,can_interface,8.3.24 CanIf_GetControllerRxErrorCounter,101,SRS_BSW_00323,missing,1.00,,None of the candidates implement the requirement for reporting a null pointer error in the CanIf_GetControllerRxErrorCounter function.
SWS_CANIF_91003,CanIf,can_interface,8.3.24 CanIf_GetControllerRxErrorCounter,101,,missing,1.00,,None of the candidates implement the CanIf_GetControllerRxErrorCounter function as specified.
SWS_CANIF_00909,CanIf,can_interface,8.3.25 CanIf_GetControllerTxErrorCounter,102,SRS_BSW_00323,missing,1.00,,None of the candidates implement the requirement to report an error when an invalid ControllerId is passed to CanIf_GetControllerTxErrorCounter.
SWS_CANIF_00910,CanIf,can_interface,8.3.25 CanIf_GetControllerTxErrorCounter,102,SRS_BSW_00323,missing,1.00,,None of the candidates implement the requirement to report an error when the TxErrorCounterPtr is a null pointer.
SWS_CANIF_91004,CanIf,can_interface,8.3.25 CanIf_GetControllerTxErrorCounter,102,,missing,1.00,,None of the candidates implement the CanIf_GetControllerTxErrorCounter function as specified.
SWS_CANIF_91005,CanIf,can_interface,8.3.26 CanIf_EnableBusMirroring,102,,missing,1.00,,None of the candidates implement the CanIf_EnableBusMirroring function as specified.
SWS_CANIF_00911,CanIf,can_interface,8.3.26 CanIf_EnableBusMirroring,103,SRS_Can_01172,missing,1.00,,"The requirement specifies that the API CanIf_EnableBusMirroring() can be omitted if Bus Mirroring is not enabled, but none of the candidates implement or reference this API."
SWS_CANIF_00912,CanIf,can_interface,8.3.26 CanIf_EnableBusMirroring,103,SRS_BSW_00323,partial,0.80,communication/CanIf/src/CanIf.c:585-643 communication/CanIf/src/CanIf.c:1450-1495 communication/CanIf/src/CanIf.c:127-133,"The code partially implements the requirement by checking the validity of ControllerId in two functions and reporting an error, but it does not specifically implement the CanIf_EnableBusMirroring function."
SWS_CANIF_91014,CanIf,can_interface,8.3.27 CanIf_GetCurrentTime,103,SRS_Can_01181,missing,1.00,,None of the candidates implement the CanIf_GetCurrentTime function as specified in the requirement.
SWS_CANIF_00922,CanIf,can_interface,8.3.27 CanIf_GetCurrentTime,104,,missing,1.00,,The candidates do not implement the requirement to check if CanIf_Init() was previously called and raise the error CANIF_E_UNINIT if it was not.
SWS_CANIF_00923,CanIf,can_interface,8.3.27 CanIf_GetCurrentTime,104,,missing,1.00,,None of the candidates implement the requirement to check the parameter Controller for validity and raise the error CANIF_E_PARAM_CONTROLLERID.
SWS_CANIF_00924,CanIf,can_interface,8.3.27 CanIf_GetCurrentTime,104,,missing,1.00,,None of the candidates implement the requirement to check the validity of the timeStampPtr parameter and raise the CANIF_E_PARAM_POINTER error.
SWS_CANIF_00925,CanIf,can_interface,8.3.27 CanIf_GetCurrentTime,104,,unverifiable,0.90,,"The candidates do not provide any information about the configuration parameter CanIfGlobalTimeSupport, making it impossible to determine if the requirement is implemented."
SWS_CANIF_00926,CanIf,can_interface,8.3.28 CanIf_EnableEgressTimeStamp,104,,missing,1.00,,The candidates do not implement the requirement to check if CanIf_Init() was previously called and raise the error CANIF_E_UNINIT if it was not.
SWS_CANIF_00927,CanIf,can_interface,8.3.28 CanIf_EnableEgressTimeStamp,104,,missing,1.00,,None of the candidates implement the requirement to check the parameter TxPduId for validity and raise the error CANIF_E_PARAM_LPDU.
SWS_CANIF_00928,CanIf,can_interface,8.3.28 CanIf_EnableEgressTimeStamp,104,,unverifiable,0.90,,"The candidates do not provide any information about the configuration parameter CanIfGlobalTimeSupport, making it impossible to determine if the requirement is implemented."
SWS_CANIF_91011,CanIf,can_interface,8.3.28 CanIf_EnableEgressTimeStamp,104,SRS_Can_01181,missing,1.00,,None of the candidates implement the CanIf_EnableEgressTimeStamp function as specified in the requirement.
SWS_CANIF_00929,CanIf,can_interface,8.3.29 CanIf_GetEgressTimeStamp,105,,missing,1.00,,The candidates do not implement the requirement to check if CanIf_Init() was previously called and raise the error CANIF_E_UNINIT if it was not.
SWS_CANIF_00930,CanIf,can_interface,8.3.29 CanIf_GetEgressTimeStamp,105,,missing,1.00,,None of the candidates implement the requirement to check the parameter TxPduId for validity and raise the error CANIF_E_PARAM_LPDU.
SWS_CANIF_00931,CanIf,can_interface,8.3.29 CanIf_GetEgressTimeStamp,105,,missing,1.00,,None of the candidates implement the requirement to check the validity of the timeStampPtr parameter and raise the CANIF_E_PARAM_POINTER error.
SWS_CANIF_00932,CanIf,can_interface,8.3.29 CanIf_GetEgressTimeStamp,105,,unverifiable,0.90,,"The candidates do not provide any information about the configuration parameter CanIfGlobalTimeSupport, making it impossible to determine if the requirement is implemented."
SWS_CANIF_91012,CanIf,can_interface,8.3.29 CanIf_GetEgressTimeStamp,105,SRS_Can_01181,missing,1.00,,None of the candidates implement the CanIf_GetEgressTimeStamp function as specified in the requirement.
SWS_CANIF_00933,CanIf,can_interface,8.3.30 CanIf_GetIngressTimeStamp,106,,missing,1.00,,The candidates do not implement the requirement to check if CanIf_Init() was previously called and raise the error CANIF_E_UNINIT if it was not.
SWS_CANIF_00934,CanIf,can_interface,8.3.30 CanIf_GetIngressTimeStamp,106,,unverifiable,0.90,,The candidates do not provide any implementation details related to the requirement about checking the parameter RxPduId.
SWS_CANIF_00935,CanIf,can_interface,8.3.30 CanIf_GetIngressTimeStamp,106,,missing,1.00,,None of the candidates implement the requirement to check the validity of the timeStampPtr parameter and raise the CANIF_E_PARAM_POINTER error.
SWS_CANIF_00936,CanIf,can_interface,8.3.30 CanIf_GetIngressTimeStamp,106,,unverifiable,0.90,,"The candidates do not provide any information regarding the configuration parameter CanIfGlobalTimeSupport, making it impossible to determine if the requirement is implemented."
SWS_CANIF_91013,CanIf,can_interface,8.3.30 CanIf_GetIngressTimeStamp,106,SRS_Can_01181,unverifiable,0.00,,The candidates do not provide any implementation or relevant information regarding the CanIf_GetIngressTimeStamp function as specified.
SWS_CANIF_00007,CanIf,can_interface,8.4.2 CanIf_TxConfirmation,107,SRS_Can_01009,implemented,1.00,communication/CanIf/src/CanIf.c:861-932,The code for CanIf_TxConfirmation matches the specification for confirming a transmitted CAN L-PDU.
SWS_CANIF_00883,CanIf,can_interface,8.4.1 CanIf_TriggerTransmit,107,,missing,1.00,,None of the candidates implement the CanIf_TriggerTransmit function as specified in the requirement.
SWS_CANIF_00884,CanIf,can_interface,8.4.1 CanIf_TriggerTransmit,107,,missing,1.00,,None of the candidates implement the requirement for the CanIf_TriggerTransmit function to be provided only if TriggerTransmit support is enabled.
SWS_CANIF_00885,CanIf,can_interface,8.4.1 CanIf_TriggerTransmit,107,,missing,1.00,,None of the candidates implement the requirement for the function CanIf_TriggerTransmit to call a corresponding User_TriggerTransmit function.
SWS_CANIF_00391,CanIf,can_interface,8.4.2 CanIf_TxConfirmation,108,,missing,1.00,,The candidates do not implement the requirement for setting the notification status for the Transmitted L-PDU when the specified configuration parameters are set to TRUE.
SWS_CANIF_00410,CanIf,can_interface,8.4.2 CanIf_TxConfirmation,108,SRS_BSW_00323,partial,0.80,communication/CanIf/src/CanIf.c:861-932,"The code partially implements the requirement by validating the parameter and indicating the error code, but it does not show the actual reporting of the error."
SWS_CANIF_00412,CanIf,can_interface,8.4.2 CanIf_TxConfirmation,108,,implemented,0.90,communication/CanIf/src/CanIf.c:861-932,The code implements the requirement by validating the initialization state before calling the user confirmation service.
SWS_CANIF_00414,CanIf,can_interface,8.4.2 CanIf_TxConfirmation,108,,missing,1.00,,"The candidates do not implement the requirement for configuring the CanIf_TxConfirmation service, as indicated by the developer annotations and the lack of relevant implementation."
SWS_CANIF_00006,CanIf,can_interface,8.4.3 CanIf_RxIndication,109,,unverifiable,0.90,,The candidates do not provide a complete implementation of the CanIf_RxIndication function as specified in the requirement.
SWS_CANIF_00392,CanIf,can_interface,8.4.3 CanIf_RxIndication,109,,missing,1.00,,The candidates do not implement the requirement as the developers explicitly state that the functionality is not implemented.
SWS_CANIF_00415,CanIf,can_interface,8.4.3 CanIf_RxIndication,109,,partial,0.80,communication/CanIf/src/CanIf.c:1170-1179,"The implementation partially meets the requirement by checking for a configured upper layer target service, but it does not show the complete routing mechanism to those services."
SWS_CANIF_00416,CanIf,can_interface,8.4.3 CanIf_RxIndication,109,SRS_BSW_00323,missing,0.90,,None of the candidates implement the requirement to report the error code CANIF_E_PARAM_HOH when an invalid Mailbox->Hoh is passed to CanIf_RxIndication.
SWS_CANIF_00417,CanIf,can_interface,8.4.3 CanIf_RxIndication,109,SRS_BSW_00323,missing,0.90,,None of the candidates implement the requirement to report an error when an invalid CanId is passed to CanIf_RxIndication.
SWS_CANIF_00419,CanIf,can_interface,8.4.3 CanIf_RxIndication,109,SRS_BSW_00323,partial,0.80,communication/CanIf/src/CanIf.c:1119-1124 communication/CanIf/src/CanIf.c:127-133,"The implementation checks for a NULL pointer in CanIf_RxIndication and reports an error, but it is unclear if this is done specifically for the parameters mentioned in the requirement."
SWS_CANIF_00421,CanIf,can_interface,8.4.3 CanIf_RxIndication,110,,implemented,0.90,communication/CanIf/src/CanIf.c:1075-1094,The implementation correctly verifies the initialization state before proceeding with the Rx indication handling.
SWS_CANIF_00423,CanIf,can_interface,8.4.3 CanIf_RxIndication,110,,missing,1.00,,None of the candidates implement the requirement for configuring the CanIf_RxIndication service.
SWS_CANIF_91015,CanIf,can_interface,8.4.4 CanIf_XLRxIndication,110,,unverifiable,0.00,,The candidates do not provide a clear implementation of the CanIf_XLRxIndication function as specified.
SWS_CANIF_00218,CanIf,can_interface,8.4.5 CanIf_ControllerBusOff,111,,implemented,1.00,communication/CanIf/src/CanIf.c:1450-1495,"The code for CanIf_ControllerBusOff directly corresponds to the requirement, indicating it handles a BusOff event for a specified CAN controller."
SWS_CANIF_00945,CanIf,can_interface,8.4.4 CanIf_XLRxIndication,111,SRS_Can_02003,missing,1.00,,None of the candidates implement the requirement for the CanIf_XLRxIndication function.
SWS_CANIF_00946,CanIf,can_interface,8.4.4 CanIf_XLRxIndication,111,SRS_Can_02003,missing,1.00,,None of the candidates implement the requirement regarding the processing of CAN XL frames.
SWS_CANIF_00947,CanIf,can_interface,8.4.4 CanIf_XLRxIndication,111,SRS_Can_02003,missing,1.00,,None of the candidates implement the requirement to handle received SDU Type 03h as specified.
SWS_CANIF_00948,CanIf,can_interface,8.4.4 CanIf_XLRxIndication,111,SRS_Can_02003,unverifiable,0.00,,The candidates do not provide sufficient information to determine if the requirement is implemented.
SWS_CANIF_00949,CanIf,can_interface,8.4.4 CanIf_XLRxIndication,111,SRS_Can_02003,missing,1.00,,None of the candidates implement the requirement to report an error when the Mailbox->Hoh parameter has an invalid value in the CanIf_XLRxIndication function.
SWS_CANIF_00950,CanIf,can_interface,8.4.4 CanIf_XLRxIndication,111,SRS_Can_02003,missing,1.00,,None of the candidates implement the requirement to report an error when invalid parameters are passed to CanIf_XLRxIndication.
SWS_CANIF_00429,CanIf,can_interface,8.4.5 CanIf_ControllerBusOff,112,SRS_BSW_00323,implemented,0.90,communication/CanIf/src/CanIf.c:1450-1495,The code in CanIf_ControllerBusOff implements the requirement by validating the ControllerId and reporting the appropriate error code.
SWS_CANIF_00431,CanIf,can_interface,8.4.5 CanIf_ControllerBusOff,112,,implemented,1.00,communication/CanIf/src/CanIf.c:1450-1495,The code clearly implements the requirement by validating the initialization state before proceeding with the BusOff notification.
SWS_CANIF_00433,CanIf,can_interface,8.4.5 CanIf_ControllerBusOff,112,,missing,1.00,,"The candidates do not implement the requirement for the configuration of CanIf_ControllerBusOff, as the function is explicitly marked as not implemented and there are no relevant implementations present."
SWS_CANIF_00815,CanIf,can_interface,8.4.6 CanIf_ConfirmPnAvailability,112,,implemented,1.00,communication/CanIf/src/CanIf.c:1853-1873,The code for CanIf_ConfirmPnAvailability directly implements the functionality described in the requirement.
SWS_CANIF_00753,CanIf,can_interface,8.4.6 CanIf_ConfirmPnAvailability,113,,implemented,1.00,communication/CanIf/src/CanIf.c:1853-1873,The code in candidate 1 directly implements the requirement by calling the specified function when CanIf_ConfirmPnAvailability is invoked.
SWS_CANIF_00754,CanIf,can_interface,8.4.6 CanIf_ConfirmPnAvailability,113,,missing,1.00,,The code does not implement the required pre compile time configurability for the function CanIf_ConfirmPnAvailability.
SWS_CANIF_00816,CanIf,can_interface,8.4.6 CanIf_ConfirmPnAvailability,113,,implemented,1.00,communication/CanIf/src/CanIf.c:1853-1873,The code in CanIf_ConfirmPnAvailability implements the requirement by validating the TransceiverId and reporting the appropriate error code.
SWS_CANIF_00817,CanIf,can_interface,8.4.6 CanIf_ConfirmPnAvailability,113,,implemented,0.90,communication/CanIf/src/CanIf.c:1853-1873,The code implements the requirement by ensuring that notifications are not executed if CanIf is not initialized.
SWS_CANIF_00963,CanIf,can_interface,8.4.7 CanIf_ConfirmCtrlPnAvailability,113,,implemented,1.00,communication/CanIf/src/CanIf.c:1853-1873,The code clearly implements the requirement by calling <User_ConfirmCtrlPnAvailability>() within the CanIf_ConfirmPnAvailability() function.
SWS_CANIF_91016,CanIf,can_interface,8.4.7 CanIf_ConfirmCtrlPnAvailability,113,,implemented,1.00,communication/CanIf/src/CanIf.c:1853-1873,The function CanIf_ConfirmPnAvailability is defined and implements the required behavior for confirming PN availability as specified in the requirement.
SWS_CANIF_00757,CanIf,can_interface,8.4.8 CanIf_ClearTrcvWufFlagIndication,114,,implemented,1.00,communication/CanIf/src/CanIf.c:1879-1899,The code clearly implements the requirement by calling the specified function when CanIf_ClearTrcvWufFlagIndication is invoked.
SWS_CANIF_00762,CanIf,can_interface,8.4.8 CanIf_ClearTrcvWufFlagIndication,114,,implemented,1.00,communication/CanIf/src/CanIf.c:1879-1899,The implementation of CanIf_ClearTrcvWufFlagIndication matches the requirement as it takes a TransceiverId and performs the necessary actions to clear the WufFlag.
SWS_CANIF_00805,CanIf,can_interface,8.4.8 CanIf_ClearTrcvWufFlagIndication,114,,implemented,0.90,communication/CanIf/src/CanIf.c:1879-1899,The code in CanIf_ClearTrcvWufFlagIndication implements the requirement by validating the TransceiverId and reporting the appropriate error.
SWS_CANIF_00806,CanIf,can_interface,8.4.8 CanIf_ClearTrcvWufFlagIndication,114,,implemented,1.00,communication/CanIf/src/CanIf.c:1879-1899,The code clearly implements the requirement by validating the initialization state before proceeding with the notification.
SWS_CANIF_00964,CanIf,can_interface,8.4.7 CanIf_ConfirmCtrlPnAvailability,114,,missing,1.00,,None of the candidates implement the requirement to report an error for an invalid ControllerId in the CanIf_ConfirmCtrlPnAvailability function.
SWS_CANIF_00965,CanIf,can_interface,8.4.7 CanIf_ConfirmCtrlPnAvailability,114,,implemented,0.90,communication/CanIf/src/CanIf.c:1853-1873,The code for CanIf_ConfirmPnAvailability implements the behavior specified in the requirement regarding initialization.
SWS_CANIF_00966,CanIf,can_interface,8.4.7 CanIf_ConfirmCtrlPnAvailability,114,,unverifiable,0.90,,"The requirement specifies configuration parameters for the function CanIf_ConfirmCtrlPnAvailability, but the provided code does not show any implementation or configuration related to these parameters."
SWS_CANIF_00759,CanIf,can_interface,8.4.9 CanIf_CheckTrcvWakeFlagIndication,115,,implemented,1.00,communication/CanIf/src/CanIf.c:1904-1923,The code clearly implements the requirement by calling the specified function when the condition is met.
SWS_CANIF_00763,CanIf,can_interface,8.4.9 CanIf_CheckTrcvWakeFlagIndication,115,,implemented,1.00,communication/CanIf/src/CanIf.c:1904-1923,The function CanIf_CheckTrcvWakeFlagIndication matches the specification for its parameters and behavior.
SWS_CANIF_00808,CanIf,can_interface,8.4.8 CanIf_ClearTrcvWufFlagIndication,115,,missing,1.00,,The candidates do not implement the requirement for pre compile time configurability of the function CanIf_ClearTrcvWufFlagIndication.
SWS_CANIF_00809,CanIf,can_interface,8.4.9 CanIf_CheckTrcvWakeFlagIndication,115,,implemented,1.00,communication/CanIf/src/CanIf.c:1904-1923,The code in CanIf_CheckTrcvWakeFlagIndication implements the requirement by validating the TransceiverId and reporting the appropriate error.
SWS_CANIF_00810,CanIf,can_interface,8.4.9 CanIf_CheckTrcvWakeFlagIndication,115,,implemented,0.90,communication/CanIf/src/CanIf.c:1904-1923,The code implements the requirement by ensuring that no notification is executed if CanIf was not initialized.
SWS_CANIF_00699,CanIf,can_interface,8.4.10 CanIf_ControllerModeIndication,116,,implemented,1.00,communication/CanIf/src/CanIf.c:585-643,The code clearly implements the CanIf_ControllerModeIndication function as required by the specification.
SWS_CANIF_00700,CanIf,can_interface,8.4.10 CanIf_ControllerModeIndication,116,,implemented,0.90,communication/CanIf/src/CanIf.c:585-643,The code implements the requirement by validating the ControllerId and reporting the appropriate error code when it is invalid.
SWS_CANIF_00702,CanIf,can_interface,8.4.10 CanIf_ControllerModeIndication,116,,partial,0.80,communication/CanIf/src/CanIf.c:585-643,"The code checks for initialization before executing further logic, but it does not explicitly prevent state transition notifications in all cases."
SWS_CANIF_00812,CanIf,can_interface,8.4.9 CanIf_CheckTrcvWakeFlagIndication,116,,unverifiable,0.90,,"The requirement specifies configuration parameters for the function, but the code does not show any implementation of these configurations."
SWS_CANIF_00706,CanIf,can_interface,8.4.11 CanIf_TrcvModeIndication,117,,implemented,0.90,communication/CanIf/src/CanIf.c:1626-1647,The code in CanIf_TrcvModeIndication implements the requirement by validating the TransceiverId and reporting the appropriate error code.
SWS_CANIF_00708,CanIf,can_interface,8.4.11 CanIf_TrcvModeIndication,117,,implemented,1.00,communication/CanIf/src/CanIf.c:1626-1647,The code in CanIf_TrcvModeIndication correctly implements the requirement by validating the initialization state before proceeding with the notification.
SWS_CANIF_00710,CanIf,can_interface,8.4.11 CanIf_TrcvModeIndication,117,,implemented,0.90,communication/CanIf/src/CanIf.c:1626-1647,The code in CanIf_TrcvModeIndication clearly implements the requirement by publishing the CAN Transceiver ID and handling the mode indication.
SWS_CANIF_00730,CanIf,can_interface,8.4.11 CanIf_TrcvModeIndication,117,,missing,1.00,,The code does not provide an implementation of CanIf_TrcvModeIndication() that adheres to the requirement regarding transceiver support.
SWS_CANIF_00764,CanIf,can_interface,8.4.11 CanIf_TrcvModeIndication,117,,implemented,1.00,communication/CanIf/src/CanIf.c:1626-1647,"The code for CanIf_TrcvModeIndication matches the specification requirement, including the parameters and functionality described."
SWS_CANIF_00919,CanIf,can_interface,8.4.12 CanIf_ControllerErrorStatePassive,118,RS_Ids_00810,missing,1.00,,None of the candidates implement the requirement to report an error when an invalid ControllerId is passed to CanIf_ControllerErrorStatePassive.
SWS_CANIF_91008,CanIf,can_interface,8.4.12 CanIf_ControllerErrorStatePassive,118,RS_Ids_00810,missing,1.00,,None of the candidates implement the function CanIf_ControllerErrorStatePassive as described in the requirement.
SWS_CANIF_91009,CanIf,can_interface,8.4.13 CanIf_ErrorNotification,118,RS_Ids_00810,missing,1.00,,None of the candidates implement the CanIf_ErrorNotification function as specified in the requirement.
SWS_CANIF_00920,CanIf,can_interface,8.4.13 CanIf_ErrorNotification,119,RS_Ids_00810,missing,1.00,,None of the candidates implement the requirement to report the error code CANIF_E_PARAM_CONTROLLERID to Det_ReportError when an invalid ControllerId is passed to CanIf_ErrorNotification.
SWS_CANIF_00921,CanIf,can_interface,8.4.13 CanIf_ErrorNotification,119,RS_Ids_00810,missing,1.00,,None of the candidates implement the requirement to report the error code CANIF_E_PARAM_CAN_ERROR when CanIf_ErrorNotification() is called with an invalid CanError parameter.
SWS_CANIF_00040,CanIf,can_interface,8.6.1 Mandatory interfaces,120,,missing,1.00,,None of the candidates implement the mandatory interfaces specified in the requirement.
SWS_CANIF_00294,CanIf,can_interface,8.6.2 Optional interfaces,120,,missing,1.00,,None of the candidates implement the requirement for defining optional interfaces in the CanIf module.
SWS_CANIF_00886,CanIf,can_interface,8.6.3.1 <User_TriggerTransmit>,123,,missing,1.00,,None of the candidates implement the requirement for the <User_TriggerTransmit> function as specified.
SWS_CANIF_00888,CanIf,can_interface,8.6.3.1 <User_TriggerTransmit>,123,,missing,0.90,,None of the candidates implement the requirement for configuring the TriggerTransmit callback service by CanIfTxPduUserTxConfirmationUL.
SWS_CANIF_00889,CanIf,can_interface,8.6.3.1 <User_TriggerTransmit>,123,,missing,1.00,,None of the candidates provide an implementation for configuring the API <User_TriggerTransmit>() as required.
SWS_CANIF_00011,CanIf,can_interface,8.6.3.2 <User_TxConfirmation>,124,,implemented,0.90,communication/CanIf/src/CanIf.c:861-932,The implementation in CanIf_TxConfirmation matches the requirement for confirming PDU transmission.
SWS_CANIF_00438,CanIf,can_interface,8.6.3.2 <User_TxConfirmation>,124,,missing,0.90,,None of the candidates implement the requirement for configuring the <User_TxConfirmation>() callback service.
SWS_CANIF_00890,CanIf,can_interface,8.6.3.1 <User_TriggerTransmit>,124,,missing,1.00,,None of the candidates implement the requirement regarding the configuration of <User_TriggerTransmit> and the specific naming condition for CanIfTxPduUserTriggerTransmitName.
SWS_CANIF_00891,CanIf,can_interface,8.6.3.1 <User_TriggerTransmit>,124,,missing,1.00,,None of the candidates implement the requirement regarding the configuration of <User_TriggerTransmit>() and the parameter CanIfTxPduUserTriggerTransmitName.
SWS_CANIF_00439,CanIf,can_interface,8.6.3.2 <User_TxConfirmation>,125,,missing,1.00,,None of the candidates implement the requirement regarding the configuration of <User_TxConfirmation> and the naming of CanIfTxPduUserTxConfirmationName.
SWS_CANIF_00542,CanIf,can_interface,8.6.3.2 <User_TxConfirmation>,125,,unverifiable,0.90,,The candidates do not provide sufficient information to determine if the configuration of <User_TxConfirmation>() is implemented.
SWS_CANIF_00543,CanIf,can_interface,8.6.3.2 <User_TxConfirmation>,125,,unverifiable,0.90,,The candidates do not provide sufficient information to determine if the configuration requirement regarding CanIfTxPduUserTxConfirmationUL and CanNm_TxConfirmationName is met.
SWS_CANIF_00544,CanIf,can_interface,8.6.3.2 <User_TxConfirmation>,125,,missing,1.00,,None of the candidates implement the requirement regarding the configuration of <User_TxConfirmation> for J1939TP.
SWS_CANIF_00550,CanIf,can_interface,8.6.3.2 <User_TxConfirmation>,125,,missing,1.00,,None of the candidates implement the requirement regarding the configuration of <User_TxConfirmation>.
SWS_CANIF_00551,CanIf,can_interface,8.6.3.2 <User_TxConfirmation>,125,,unverifiable,0.90,,"The requirement specifies a configuration condition for the API <User_TxConfirmation>(), but none of the candidates provide information about the configuration or the specific API name as required."
SWS_CANIF_00556,CanIf,can_interface,8.6.3.2 <User_TxConfirmation>,125,,unverifiable,0.90,,The candidates do not provide sufficient information to determine if the configuration requirement for <User_TxConfirmation>() is met.
SWS_CANIF_00858,CanIf,can_interface,8.6.3.2 <User_TxConfirmation>,125,,missing,1.00,,None of the candidates implement the requirement regarding the configuration of <User_TxConfirmation> and the specific naming condition for CanIfTxPduUserTxConfirmationUL.
SWS_CANIF_00879,CanIf,can_interface,8.6.3.2 <User_TxConfirmation>,125,,missing,1.00,,None of the candidates implement the requirement regarding the configuration of <User_TxConfirmation> and the specific naming condition for CanIfTxPduUserTxConfirmationName.
SWS_CANIF_00012,CanIf,can_interface,8.6.3.3 <User_RxIndication>,126,SRS_Can_01003,missing,0.90,,None of the candidates implement the requirement for the <User_RxIndication> function as specified.
SWS_CANIF_00441,CanIf,can_interface,8.6.3.3 <User_RxIndication>,126,,unverifiable,0.90,,"The requirement specifies a configuration for a callback service, but the provided code does not include any relevant configuration or implementation details related to <User_RxIndication>."
SWS_CANIF_00552,CanIf,can_interface,8.6.3.3 <User_RxIndication>,126,,unverifiable,0.90,,The candidates do not provide sufficient information to determine if the configuration of <User_RxIndication>() is implemented.
SWS_CANIF_00442,CanIf,can_interface,8.6.3.3 <User_RxIndication>,127,,missing,1.00,,None of the candidates implement the requirement regarding the configuration of <User_RxIndication> and the specific naming of CanIfRxPduUserRxIndicationName as PduR_CanIfRxIndication.
SWS_CANIF_00445,CanIf,can_interface,8.6.3.3 <User_RxIndication>,127,,unverifiable,0.90,,"The requirement specifies a configuration condition that cannot be verified from the provided code, as it does not show how CanIfRxPduUserRxIndicationUL is set or how it relates to CanNm_RxIndication."
SWS_CANIF_00448,CanIf,can_interface,8.6.3.3 <User_RxIndication>,127,,missing,1.00,,The requirement specifies a configuration condition that is not addressed by any of the candidates.
SWS_CANIF_00532,CanIf,can_interface,8.6.3.4 <User_ValidateWakeupEvent>,127,,missing,1.00,,None of the candidates implement the requirement for the <User_ValidateWakeupEvent> function as specified.
SWS_CANIF_00554,CanIf,can_interface,8.6.3.3 <User_RxIndication>,127,,unverifiable,0.90,,The candidates do not provide sufficient information to determine if the configuration requirement for <User_RxIndication>() is met.
SWS_CANIF_00555,CanIf,can_interface,8.6.3.3 <User_RxIndication>,127,,unverifiable,0.90,,The candidates do not provide sufficient information to determine if the configuration requirement regarding CanIfRxPduUserRxIndicationUL and CanIfRxPduUserRxIndicationName is met.
SWS_CANIF_00557,CanIf,can_interface,8.6.3.3 <User_RxIndication>,127,,unverifiable,0.90,,The candidates do not provide any information regarding the configuration of the API name as required by the specification.
SWS_CANIF_00859,CanIf,can_interface,8.6.3.3 <User_RxIndication>,127,,unverifiable,0.90,,The candidates do not provide sufficient information to determine if the configuration requirement regarding <User_RxIndication> is met.
SWS_CANIF_00880,CanIf,can_interface,8.6.3.3 <User_RxIndication>,127,,unverifiable,0.90,,The candidates do not provide enough information to determine if the configuration requirement for <User_RxIndication>() is met.
SWS_CANIF_00456,CanIf,can_interface,8.6.3.4 <User_ValidateWakeupEvent>,128,,unverifiable,0.90,,The candidates do not provide sufficient information to determine if the configuration requirements for <User_ValidateWakeupEvent>() are implemented.
SWS_CANIF_00563,CanIf,can_interface,8.6.3.4 <User_ValidateWakeupEvent>,128,,missing,1.00,,None of the candidates implement the requirement regarding the configuration of <User_ValidateWakeupEvent>.
SWS_CANIF_00564,CanIf,can_interface,8.6.3.4 <User_ValidateWakeupEvent>,128,,missing,1.00,,None of the candidates implement the requirement regarding the configuration of <User_ValidateWakeupEvent>.
SWS_CANIF_00659,CanIf,can_interface,8.6.3.4 <User_ValidateWakeupEvent>,128,,unverifiable,0.90,,"The requirement discusses the configuration of an API that can be omitted, but the provided code does not include any implementation or configuration details related to <User_ValidateWakeupEvent>."
SWS_CANIF_00014,CanIf,can_interface,8.6.3.5 <User_ControllerBusOff>,129,SRS_Can_01029,implemented,0.90,communication/CanIf/src/CanIf.c:1450-1495,The code in CanIf_ControllerBusOff implements the functionality described in the requirement for indicating a bus-off event.
SWS_CANIF_00450,CanIf,can_interface,8.6.3.5 <User_ControllerBusOff>,129,,missing,1.00,,None of the candidates implement the requirement for configuring <User_ControllerBusOff> by CanIfDispatchUserCtrlBusOffUL.
SWS_CANIF_00524,CanIf,can_interface,8.6.3.5 <User_ControllerBusOff>,130,,partial,0.80,communication/CanIf/src/CanIf.c:1450-1495,"The function CanIf_ControllerBusOff is implemented, but there is no clear evidence that it is configured with at least one upper layer module as mandated by the requirement."
SWS_CANIF_00558,CanIf,can_interface,8.6.3.5 <User_ControllerBusOff>,130,,unverifiable,0.90,,"The requirement specifies a configuration parameter for the API, but the provided code does not show any configuration mechanism for <User_ControllerBusOff>(), making it impossible to verify compliance."
SWS_CANIF_00559,CanIf,can_interface,8.6.3.5 <User_ControllerBusOff>,130,,missing,1.00,,"The candidates do not implement the requirement regarding the configuration of <User_ControllerBusOff>(), as there is no indication of the condition that CanIfDispatchUserCtrlBusOffUL must be set to CAN_SM for CanIfDispatchUserCtrlBusOffName to be CanSM_ControllerBusOff."
SWS_CANIF_00560,CanIf,can_interface,8.6.3.5 <User_ControllerBusOff>,130,,unverifiable,0.90,,"The requirement specifies a configuration for an API that cannot be verified from the provided code, which does not show any configuration related to CanIfDispatchUserCtrlBusOffName."
SWS_CANIF_00821,CanIf,can_interface,8.6.3.6 <User_ConfirmPnAvailability>,130,,implemented,1.00,communication/CanIf/src/CanIf.c:1853-1873,"The function CanIf_ConfirmPnAvailability matches the requirement's signature and description, confirming its implementation."
SWS_CANIF_00823,CanIf,can_interface,8.6.3.6 <User_ConfirmPnAvailability>,131,,missing,1.00,,None of the candidates implement the requirement regarding the configuration of <User_ConfirmPnAvailability> based on the specified conditions.
SWS_CANIF_00824,CanIf,can_interface,8.6.3.6 <User_ConfirmPnAvailability>,131,,missing,1.00,,None of the candidates implement the requirement regarding the configurability of <User_ConfirmPnAvailability>() based on the specified conditions.
SWS_CANIF_00825,CanIf,can_interface,8.6.3.6 <User_ConfirmPnAvailability>,131,,missing,1.00,,None of the candidates implement the requirement for configuring <User_ConfirmPnAvailability> based on CanIfPublicPnSupport and CanIfPublicTrcvPnEnable.
SWS_CANIF_00826,CanIf,can_interface,8.6.3.6 <User_ConfirmPnAvailability>,131,,missing,1.00,,"None of the candidates implement the requirement regarding the configuration of <User_ConfirmPnAvailability>(), specifically the relationship between CanIfDispatchUserConfirmPnAvailabilityUL and CanIfDispatchUserConfirmPnAvailabilityName."
SWS_CANIF_00827,CanIf,can_interface,8.6.3.6 <User_ConfirmPnAvailability>,131,,missing,1.00,,None of the candidates implement the requirement regarding the configurability of the service name for <User_ConfirmPnAvailability>().
SWS_CANIF_91017,CanIf,can_interface,8.6.3.7 <User_ConfirmCtrlPnAvailability>,131,,missing,1.00,,The provided code does not implement the specified service <User_ConfirmCtrlPnAvailability> as it is not present in the candidates.
SWS_CANIF_00788,CanIf,can_interface,8.6.3.8 <User_ClearTrcvWufFlagIndication>,132,,implemented,1.00,communication/CanIf/src/CanIf.c:1879-1899,The function directly corresponds to the requirement and performs the specified action.
SWS_CANIF_00958,CanIf,can_interface,8.6.3.7 <User_ConfirmCtrlPnAvailability>,132,,unverifiable,0.90,,The candidates do not provide sufficient information to determine if the configuration of <User_ConfirmCtrlPnAvailability> is implemented as required.
SWS_CANIF_00959,CanIf,can_interface,8.6.3.7 <User_ConfirmCtrlPnAvailability>,132,,missing,1.00,,None of the candidates implement the requirement regarding the configurability of <User_ConfirmCtrlPnAvailability> based on the specified conditions.
SWS_CANIF_00960,CanIf,can_interface,8.6.3.7 <User_ConfirmCtrlPnAvailability>,132,,unverifiable,0.90,,The candidates do not provide sufficient information to determine if the configuration of <User_ConfirmCtrlPnAvailability> is implemented.
SWS_CANIF_00961,CanIf,can_interface,8.6.3.7 <User_ConfirmCtrlPnAvailability>,132,,missing,1.00,,None of the candidates implement the requirement regarding the configuration of <User_ConfirmCtrlPnAvailability>.
SWS_CANIF_00962,CanIf,can_interface,8.6.3.7 <User_ConfirmCtrlPnAvailability>,132,,missing,0.90,,None of the candidates implement the requirement regarding the configuration of the service name for <User_ConfirmCtrlPnAvailability>.
SWS_CANIF_00794,CanIf,can_interface,8.6.3.8 <User_ClearTrcvWufFlagIndication>,133,,missing,1.00,,None of the candidates implement the requirement for configuring <User_ClearTrcvWufFlagIndication> based on the specified conditions.
SWS_CANIF_00795,CanIf,can_interface,8.6.3.8 <User_ClearTrcvWufFlagIndication>,133,,missing,1.00,,None of the candidates implement the requirement regarding the configurability of <User_ClearTrcvWufFlagIndication> based on the specified conditions.
SWS_CANIF_00796,CanIf,can_interface,8.6.3.8 <User_ClearTrcvWufFlagIndication>,133,,unverifiable,0.90,,"The requirement specifies configuration options that cannot be verified from the provided code, as it does not show any implementation details regarding CanIfPublicPnSupport and CanIfPublicTrcvPnEnable."
SWS_CANIF_00797,CanIf,can_interface,8.6.3.8 <User_ClearTrcvWufFlagIndication>,133,,missing,1.00,,None of the candidates implement the requirement regarding the configuration of <User_ClearTrcvWufFlagIndication>.
SWS_CANIF_00798,CanIf,can_interface,8.6.3.8 <User_ClearTrcvWufFlagIndication>,133,,missing,1.00,,None of the candidates implement the requirement regarding the configurability of the service name for <User_ClearTrcvWufFlagIndication>.
SWS_CANIF_00814,CanIf,can_interface,8.6.3.9 <User_CheckTrcvWakeFlagIndication>,133,,implemented,1.00,communication/CanIf/src/CanIf.c:1904-1923,The function directly corresponds to the requirement and performs the specified action.
SWS_CANIF_00800,CanIf,can_interface,8.6.3.9 <User_CheckTrcvWakeFlagIndication>,134,,missing,1.00,,None of the candidates implement the requirement regarding the configuration of <User_CheckTrcvWakeFlagIndication>.
SWS_CANIF_00801,CanIf,can_interface,8.6.3.9 <User_CheckTrcvWakeFlagIndication>,134,,missing,1.00,,None of the candidates implement the requirement regarding the configurability of <User_CheckTrcvWakeFlagIndication>().
SWS_CANIF_00802,CanIf,can_interface,8.6.3.9 <User_CheckTrcvWakeFlagIndication>,134,,missing,1.00,,None of the candidates implement the requirement for configuring <User_CheckTrcvWakeFlagIndication> based on CanIfPublicPnSupport and CanIfPublicTrcvPnEnable.
SWS_CANIF_00803,CanIf,can_interface,8.6.3.9 <User_CheckTrcvWakeFlagIndication>,134,,missing,1.00,,None of the candidates implement the requirement regarding the configuration of <User_CheckTrcvWakeFlagIndication>.
SWS_CANIF_00804,CanIf,can_interface,8.6.3.9 <User_CheckTrcvWakeFlagIndication>,134,,missing,1.00,,None of the candidates implement the requirement regarding the configurability of the service name for <User_CheckTrcvWakeFlagIndication>.
SWS_CANIF_00687,CanIf,can_interface,8.6.3.10 <User_ControllerModeIndication>,135,,implemented,0.90,communication/CanIf/src/CanIf.c:585-643,"The function CanIf_ControllerModeIndication is defined with the correct parameters and is claimed to implement the requirement, fulfilling the specification."
SWS_CANIF_00689,CanIf,can_interface,8.6.3.10 <User_ControllerModeIndication>,135,,missing,1.00,,None of the candidates implement the requirement for configuring <User_ControllerModeIndication>() by CanIfDispatchUserCtrlModeIndicationUL.
SWS_CANIF_00690,CanIf,can_interface,8.6.3.10 <User_ControllerModeIndication>,135,,missing,0.90,,"The requirement specifies a configuration for the function <User_ControllerModeIndication>(), but none of the candidates implement this configuration."
SWS_CANIF_00691,CanIf,can_interface,8.6.3.10 <User_ControllerModeIndication>,136,,missing,1.00,,"The candidates do not implement the requirement regarding the configuration of <User_ControllerModeIndication>(), as there is no indication that CanIfDispatchUserCtrlModeIndicationName is set to CanSM_ControllerModeIndication when CanIfDispatchUserCtrlModeIndicationUL is set to CAN_SM."
SWS_CANIF_00692,CanIf,can_interface,8.6.3.10 <User_ControllerModeIndication>,136,,missing,1.00,,None of the candidates implement the requirement regarding the configuration of the function <User_ControllerModeIndication>.
SWS_CANIF_00693,CanIf,can_interface,8.6.3.11 <User_TrcvModeIndication>,136,,implemented,1.00,communication/CanIf/src/CanIf.c:1626-1647,"The function clearly matches the requirement for the <User_TrcvModeIndication> service, including the correct parameters and functionality."
SWS_CANIF_00694,CanIf,can_interface,8.6.3.11 <User_TrcvModeIndication>,137,,partial,0.80,communication/CanIf/src/CanIf.c:1626-1647,"The implementation of CanIf_TrcvModeIndication suggests some behavior related to the requirement, but it does not fully satisfy all aspects of the requirement regarding initialization and re-entrancy."
SWS_CANIF_00695,CanIf,can_interface,8.6.3.11 <User_TrcvModeIndication>,137,,missing,1.00,,None of the candidates implement the requirement regarding the configuration of <User_TrcvModeIndication>.
SWS_CANIF_00696,CanIf,can_interface,8.6.3.11 <User_TrcvModeIndication>,137,,missing,1.00,,None of the candidates implement the requirement regarding the configuration of <User_TrcvModeIndication>() for CanIf.
SWS_CANIF_00697,CanIf,can_interface,8.6.3.11 <User_TrcvModeIndication>,137,,missing,1.00,,"None of the candidates implement the requirement regarding the configuration of <User_TrcvModeIndication>(), specifically the relationship between CanIfDispatchUserTrcvModeIndicationUL and CanIfDispatchUserTrcvModeIndicationName."
SWS_CANIF_00698,CanIf,can_interface,8.6.3.11 <User_TrcvModeIndication>,137,,missing,1.00,,"None of the candidates implement the requirement regarding the configuration of <User_TrcvModeIndication>(), as there is no indication of the parameter CanIfDispatchUserTrcvModeIndicationName being configured."
SWS_CANIF_CONSTR_00001,CanIf,can_interface,10.2 Configuration constraints,222,SRS_Can_02003,unverifiable,0.90,,The candidates do not provide sufficient information to determine if the requirement regarding CanIfRxPduCfg and CanIfRxPduXLParams is implemented.
SWS_CANIF_CONSTR_00002,CanIf,can_interface,10.2 Configuration constraints,222,SRS_Can_02003,unverifiable,0.90,,The candidates do not provide sufficient information to determine if the requirement regarding CanIfTxPduXLParams and Priority ID configuration is implemented.
SWS_CANIF_CONSTR_00003,CanIf,can_interface,10.2 Configuration constraints,222,SRS_Can_02003,unverifiable,0.00,,The candidates do not provide sufficient information to determine if the requirement regarding CanIfRxPduCfg and CanIfRxPduXLParams is implemented.
SWS_CANIF_CONSTR_00004,CanIf,can_interface,10.2 Configuration constraints,222,SRS_Can_02003,unverifiable,0.90,,The candidates do not provide sufficient information to determine if the requirement regarding CanIfTxPduCfg and CanIfTxPduXLParams is implemented.
SWS_CANIF_CONSTR_00005,CanIf,can_interface,10.2 Configuration constraints,223,SRS_Can_02003,unverifiable,0.90,,The provided code does not contain any clear implementation related to the configuration of CanIfRxPduCfg or CanIfRxPduXLParams as specified in the requirement.
SWS_CANIF_CONSTR_00006,CanIf,can_interface,10.2 Configuration constraints,223,SRS_Can_02003,unverifiable,0.50,,The candidates do not provide sufficient information to determine if the requirement regarding CanIfTxPduCfg and CAN XL parameters is implemented.
SWS_CANIF_CONSTR_00007,CanIf,can_interface,10.2 Configuration constraints,223,SRS_Can_02003,unverifiable,0.00,,The candidates do not provide sufficient information to determine if the requirement is implemented.
SWS_CANIF_CONSTR_00008,CanIf,can_interface,10.2 Configuration constraints,223,SRS_Can_02003,unverifiable,0.90,,The provided code does not contain any clear implementation related to the specified requirement regarding CanIfTxPduCfg and CanIfTxPduXLParams.
SWS_CANIF_CONSTR_00009,CanIf,can_interface,10.2 Configuration constraints,223,SRS_Can_02003,unverifiable,0.90,,The provided code does not contain any clear implementation related to the specified requirement regarding CanIfRxPduCfg and CanIfRxPduXLParams.
SWS_CANIF_CONSTR_00010,CanIf,can_interface,10.2 Configuration constraints,223,SRS_Can_02003,missing,1.00,,None of the candidates implement the requirement regarding the configuration of CanIfTxPduXLParams and the Acceptance Field.
SWS_CANIF_CONSTR_00011,CanIf,can_interface,10.2 Configuration constraints,223,SRS_Can_02003,unverifiable,0.90,,The provided code does not contain any relevant information regarding the configuration constraints specified in the requirement.
SWS_CANIF_CONSTR_00012,CanIf,can_interface,10.2 Configuration constraints,224,SRS_Can_02003,missing,1.00,,None of the candidates implement the requirement regarding the configuration constraints for CanIfTxPduCfg and CanIfTxPduXLParams.
SWS_CANIF_CONSTR_00013,CanIf,can_interface,10.2 Configuration constraints,224,SRS_Can_02003,unverifiable,0.90,,"The candidates do not provide sufficient information to determine if the requirement is implemented, as they do not reference the specific configuration constraints related to CanIfRxPduCfg and CanIfTxPduXLParams."
SWS_CANIF_CONSTR_00014,CanIf,can_interface,10.2 Configuration constraints,224,SRS_Can_02003,unverifiable,0.00,,The provided code does not contain sufficient information to determine if the requirement regarding CanIfTxPduXLParams.CanIfXLSduType configuration is met.
